1683298803,REY22898,-34.413483,-58.531963
1683298806,REY19003,-34.431055,-58.543316
1683298809,REY20927,-34.39346,-58.522744
1683298812,REY19003,-34.431068,-58.543287
1683298815,REY22898,-34.413503,-58.531986
1683298827,REY20927,-34.393488,-58.522739
1683298830,REY19003,-34.431095,-58.543231
1683298833,REY22898,-34.413541,-58.53203
1683298839,REY22898,-34.413561,-58.532053
1683298845,REY20927,-34.393516,-58.522734
1683298848,REY22898,-34.413579,-58.532076
1683298857,REY19003,-34.431132,-58.54315
1683298860,REY22898,-34.413616,-58.532119
1683298863,REY20927,-34.393544,-58.522728
1683298872,REY20927,-34.393572,-58.522723
1683298881,REY20927,-34.393586,-58.52272
1683298884,REY22898,-34.413671,-58.532185
1683298902,REY19003,-34.431198,-58.543009
1683298905,REY22898,-34.413711,-58.53223
1683298908,REY20927,-34.393627,-58.522711
1683298911,REY22898,-34.413729,-58.532253
1683298914,REY19003,-34.43121,-58.542982
1683298917,REY20927,-34.39364,-58.522708
1683298920,REY22898,-34.413748,-58.532273
1683298926,REY20927,-34.393654,-58.522705
1683298938,REY19003,-34.431254,-58.542866
1683298941,REY22898,-34.413787,-58.532312
1683298950,REY22898,-34.413806,-58.532334
1683298959,REY22898,-34.413825,-58.532356
1683298962,REY20927,-34.39371,-58.522692
1683298965,REY19003,-34.431289,-58.542778
1683298980,REY20927,-34.393738,-58.522686
1683298986,REY22898,-34.413886,-58.53242
1683298992,REY19003,-34.431325,-58.54269
1683298998,REY20927,-34.393766,-58.522679
1683299004,REY22898,-34.413926,-58.532463
1683299013,REY19003,-34.43135,-58.542634
1683299022,REY19003,-34.431362,-58.542605
1683299025,REY20927,-34.393823,-58.522665
1683299031,REY22898,-34.414005,-58.532546
1683299037,REY19003,-34.431388,-58.542549
1683299043,REY20927,-34.393852,-58.522657
1683299046,REY19003,-34.431401,-58.542521
1683299049,REY22898,-34.414045,-58.532587
1683299055,REY22898,-34.414065,-58.532607
1683299067,REY19003,-34.431427,-58.542465
1683299070,REY20927,-34.393895,-58.522646
1683299076,REY22898,-34.414106,-58.532651
1683299082,REY22898,-34.414126,-58.532673
1683299091,REY19003,-34.431468,-58.542381
1683299094,REY22898,-34.414146,-58.532694
1683299103,REY22898,-34.414166,-58.532713
1683299109,REY22898,-34.414187,-58.532733
1683299115,REY20927,-34.393966,-58.522627
1683299118,REY19003,-34.431519,-58.542271
1683299121,REY22898,-34.414207,-58.532752
1683299130,REY22898,-34.414227,-58.532772
1683299136,REY22898,-34.414247,-58.532793
1683299142,REY20927,-34.394008,-58.522615
1683299148,REY22898,-34.414267,-58.532813
1683299151,REY20927,-34.394022,-58.522611
1683299157,REY22898,-34.414287,-58.532834
1683299166,REY22898,-34.414327,-58.532877
1683299175,REY19003,-34.431587,-58.542096
1683299178,REY20927,-34.394064,-58.522601
1683299181,REY22898,-34.414366,-58.53292
1683299184,REY19003,-34.431598,-58.542065
1683299187,REY20927,-34.39409,-58.522595
1683299190,REY19003,-34.431606,-58.542033
1683299193,REY22898,-34.414385,-58.532942
1683299199,REY22898,-34.414405,-58.532963
1683299208,REY19003,-34.431621,-58.541971
1683299211,REY22898,-34.414425,-58.532984
1683299214,REY20927,-34.394131,-58.522585
1683299226,REY22898,-34.414465,-58.533026
1683299229,REY19003,-34.431629,-58.541908
1683299235,REY19003,-34.431632,-58.541874
1683299238,REY22898,-34.414486,-58.533047
1683299241,REY20927,-34.394172,-58.522575
1683299244,REY19003,-34.431636,-58.541839
1683299259,REY20927,-34.394199,-58.522569
1683299262,REY22898,-34.414548,-58.533111
1683299274,REY19003,-34.431644,-58.541743
1683299277,REY20927,-34.394226,-58.522562
1683299280,REY19003,-34.431647,-58.541677
1683299283,REY22898,-34.41459,-58.533152
1683299292,REY19003,-34.43165,-58.541644
1683299295,REY20927,-34.394253,-58.522554
1683299301,REY19003,-34.431654,-58.541612
1683299307,REY22898,-34.41467,-58.533233
1683299313,REY20927,-34.394278,-58.52254
1683299316,REY22898,-34.414691,-58.533255
1683299340,REY20927,-34.394309,-58.522509
1683299343,REY19003,-34.431662,-58.541456
1683299346,REY22898,-34.414755,-58.533316
1683299355,REY22898,-34.414775,-58.533337
1683299358,REY20927,-34.39433,-58.522474
1683299367,REY20927,-34.394335,-58.522461
1683299370,REY22898,-34.414817,-58.533375
1683299379,REY19003,-34.431667,-58.541327
1683299391,REY19003,-34.431667,-58.541297
1683299400,REY22898,-34.414879,-58.533434
1683299403,REY20927,-34.394344,-58.522408
1683299406,REY19003,-34.431666,-58.541235
1683299412,REY20927,-34.394344,-58.522395
1683299418,REY22898,-34.414924,-58.53347
1683299421,REY20927,-34.394343,-58.522381
1683299439,REY20927,-34.394337,-58.522356
1683299445,REY22898,-34.414988,-58.533529
1683299448,REY20927,-34.394333,-58.522343
1683299469,REY22898,-34.41507,-58.533612
1683299472,REY19003,-34.431677,-58.540991
1683299475,REY20927,-34.394314,-58.52231
1683299484,REY20927,-34.394306,-58.522301
1683299496,REY22898,-34.415134,-58.533674
1683299502,REY20927,-34.394289,-58.522286
1683299505,REY19003,-34.431682,-58.540874
1683299508,REY22898,-34.415155,-58.533695
1683299523,REY19003,-34.431681,-58.540815
1683299526,REY22898,-34.415198,-58.533735
1683299532,REY19003,-34.431682,-58.540787
1683299535,REY22898,-34.41522,-58.533753
1683299544,REY19003,-34.431684,-58.540758
1683299547,REY20927,-34.394227,-58.52227
1683299550,REY19003,-34.431686,-58.540727
1683299559,REY22898,-34.415283,-58.533814
1683299565,REY20927,-34.394208,-58.522275
1683299580,REY19003,-34.431688,-58.540642
1683299586,REY19003,-34.431686,-58.540614
1683299592,REY20927,-34.39418,-58.522294
1683299595,REY19003,-34.431684,-58.540585
1683299601,REY20927,-34.394171,-58.522303
1683299604,REY19003,-34.43168,-58.540557
1683299607,REY22898,-34.415389,-58.533915
1683299613,REY19003,-34.431677,-58.540529
1683299619,REY20927,-34.394158,-58.522322
1683299625,REY22898,-34.415431,-58.533955
1683299631,REY19003,-34.431661,-58.540448
1683299640,REY19003,-34.431659,-58.540419
1683299643,REY22898,-34.415492,-58.53402
1683299652,REY22898,-34.415513,-58.534042
1683299655,REY20927,-34.39414,-58.52237
1683299676,REY22898,-34.415575,-58.534107
1683299679,REY19003,-34.431645,-58.540304
1683299682,REY20927,-34.394141,-58.522427
1683299700,REY20927,-34.394149,-58.522455
1683299703,REY22898,-34.415638,-58.534165
1683299706,REY19003,-34.431635,-58.540215
1683299718,REY20927,-34.394162,-58.522481
1683299721,REY22898,-34.415681,-58.534204
1683299730,REY19003,-34.431622,-58.540129
1683299733,REY22898,-34.415705,-58.534223
1683299736,REY20927,-34.394179,-58.522504
1683299748,REY19003,-34.431613,-58.540072
1683299751,REY22898,-34.415753,-58.534253
1683299757,REY22898,-34.415776,-58.534267
1683299760,REY19003,-34.431607,-58.540044
1683299778,REY22898,-34.415825,-58.534295
1683299781,REY20927,-34.394234,-58.522544
1683299787,REY19003,-34.431591,-58.539957
1683299799,REY20927,-34.394259,-58.52255
1683299802,REY22898,-34.415931,-58.534334
1683299805,REY19003,-34.431579,-58.539901
1683299808,REY20927,-34.394272,-58.522551
1683299811,REY22898,-34.415958,-58.534337
1683299814,REY19003,-34.431573,-58.539874
1683299817,REY20927,-34.394286,-58.522551
1683299823,REY22898,-34.415985,-58.534345
1683299832,REY19003,-34.43155,-58.539792
1683299835,REY20927,-34.394323,-58.522544
1683299844,REY20927,-34.394335,-58.522541
1683299856,REY19003,-34.4315,-58.539749
1683299865,REY19003,-34.43148,-58.539741
1683299868,REY22898,-34.41611,-58.534374
1683299871,REY20927,-34.394372,-58.522532
1683299877,REY22898,-34.416133,-58.534389
1683299886,REY19003,-34.431442,-58.539746
1683299889,REY20927,-34.394396,-58.522525
1683299892,REY22898,-34.416177,-58.534425
1683299907,REY20927,-34.394419,-58.522518
1683299916,REY20927,-34.394431,-58.522513
1683299919,REY19003,-34.431357,-58.539732
1683299922,REY22898,-34.41624,-58.534482
1683299925,REY20927,-34.394443,-58.522509
1683299931,REY19003,-34.431336,-58.539731
1683299937,REY22898,-34.416281,-58.534521
1683299940,REY19003,-34.431317,-58.539731
1683299952,REY20927,-34.394478,-58.522498
1683299955,REY22898,-34.416342,-58.534583
1683299964,REY19003,-34.431258,-58.539734
1683299967,REY22898,-34.416362,-58.534605
1683299970,REY20927,-34.394502,-58.52249
1683299973,REY22898,-34.416382,-58.534628
1683299982,REY19003,-34.431216,-58.539735
1683299985,REY22898,-34.416403,-58.534649
1683299988,REY20927,-34.394526,-58.522482
1683299991,REY19003,-34.431196,-58.539736
1683299994,REY22898,-34.416423,-58.534672
1683299997,REY20927,-34.394551,-58.522473
1683300000,REY19003,-34.431174,-58.539737
1683300003,REY22898,-34.416442,-58.534695
1683300009,REY19003,-34.431153,-58.539736
1683300012,REY22898,-34.416462,-58.534717
1683300015,REY20927,-34.394576,-58.522464
1683300027,REY19003,-34.431088,-58.539739
1683300036,REY22898,-34.416521,-58.534785
1683300051,REY20927,-34.394627,-58.522446
1683300057,REY19003,-34.431024,-58.539743
1683300075,REY19003,-34.430981,-58.539743
1683300081,REY22898,-34.41662,-58.5349
1683300084,REY19003,-34.430959,-58.539741
1683300093,REY22898,-34.416658,-58.534946
1683300102,REY19003,-34.430917,-58.539741
1683300111,REY22898,-34.416698,-58.534991
1683300123,REY20927,-34.394732,-58.52241
1683300132,REY20927,-34.394745,-58.522406
1683300138,REY22898,-34.416759,-58.535061
1683300141,REY20927,-34.394772,-58.522398
1683300144,REY19003,-34.430812,-58.539735
1683300153,REY22898,-34.416799,-58.535104
1683300156,REY19003,-34.430791,-58.539733
1683300159,REY20927,-34.394799,-58.52239
1683300162,REY19003,-34.430771,-58.539732
1683300165,REY22898,-34.416819,-58.535126
1683300174,REY22898,-34.41684,-58.535149
1683300177,REY20927,-34.394826,-58.522381
1683300198,REY22898,-34.416901,-58.535217
1683300201,REY19003,-34.430688,-58.539725
1683300207,REY22898,-34.416922,-58.535238
1683300210,REY19003,-34.430645,-58.539722
1683300219,REY19003,-34.430622,-58.539721
1683300222,REY20927,-34.394892,-58.522359
1683300225,REY19003,-34.4306,-58.539728
1683300228,REY22898,-34.416962,-58.535284
1683300231,REY20927,-34.394905,-58.522355
1683300243,REY22898,-34.417023,-58.535351
1683300249,REY20927,-34.394932,-58.522347
1683300252,REY19003,-34.43054,-58.539753
1683300261,REY19003,-34.430519,-58.53976
1683300264,REY22898,-34.417065,-58.535395
1683300267,REY20927,-34.394959,-58.522339
1683300276,REY20927,-34.394972,-58.522335
1683300279,REY19003,-34.430476,-58.539776
1683300288,REY19003,-34.430456,-58.539784
1683300297,REY19003,-34.430436,-58.539791
1683300306,REY22898,-34.417172,-58.535501
1683300309,REY19003,-34.430416,-58.539799
1683300312,REY20927,-34.395038,-58.522315
1683300330,REY20927,-34.395064,-58.522307
1683300336,REY19003,-34.430355,-58.539823
1683300339,REY20927,-34.395077,-58.522304
1683300342,REY22898,-34.417257,-58.535583
1683300345,REY19003,-34.430335,-58.53983
1683300348,REY20927,-34.39509,-58.522301
1683300351,REY19003,-34.430315,-58.539835
1683300357,REY20927,-34.395103,-58.522297
1683300360,REY22898,-34.417299,-58.535624
1683300369,REY22898,-34.417321,-58.535645
1683300372,REY19003,-34.430273,-58.539842
1683300375,REY20927,-34.39513,-58.522292
1683300378,REY22898,-34.417343,-58.535665
1683300387,REY22898,-34.417365,-58.535683
1683300393,REY20927,-34.395157,-58.522285
1683300408,REY22898,-34.417431,-58.535741
1683300411,REY20927,-34.395183,-58.522279
1683300417,REY22898,-34.417452,-58.535761
1683300420,REY20927,-34.395197,-58.522276
1683300423,REY22898,-34.417473,-58.53578
1683300435,REY19003,-34.430101,-58.539866
1683300438,REY20927,-34.395237,-58.522261
1683300444,REY19003,-34.430079,-58.539868
1683300450,REY22898,-34.417539,-58.535838
1683300456,REY20927,-34.395262,-58.522244
1683300468,REY19003,-34.430015,-58.539874
1683300474,REY20927,-34.395281,-58.522222
1683300477,REY22898,-34.417603,-58.535895
1683300486,REY22898,-34.417622,-58.535917
1683300489,REY19003,-34.429971,-58.539878
1683300498,REY22898,-34.417644,-58.535936
1683300507,REY22898,-34.417666,-58.535956
1683300513,REY19003,-34.429903,-58.53989
1683300522,REY22898,-34.417707,-58.535996
1683300525,REY19003,-34.42988,-58.539892
1683300531,REY22898,-34.417728,-58.536017
1683300537,REY20927,-34.395311,-58.522124
1683300540,REY22898,-34.417748,-58.536038
1683300549,REY19003,-34.429793,-58.539898
1683300555,REY20927,-34.395308,-58.522096
1683300558,REY19003,-34.429773,-58.539903
1683300561,REY22898,-34.417789,-58.536077
1683300564,REY20927,-34.395305,-58.522082
1683300570,REY22898,-34.417823,-58.536126
1683300573,REY20927,-34.395301,-58.522069
1683300576,REY19003,-34.429734,-58.53991
1683300585,REY19003,-34.429715,-58.539912
1683300600,REY20927,-34.395274,-58.522025
1683300609,REY20927,-34.395265,-58.522017
1683300618,REY20927,-34.395256,-58.52201
1683300621,REY19003,-34.429637,-58.539916
1683300624,REY22898,-34.417919,-58.53628
1683300627,REY20927,-34.395246,-58.522004
1683300642,REY22898,-34.417952,-58.536331
1683300645,REY20927,-34.395225,-58.521997
1683300648,REY19003,-34.429569,-58.539922
1683300657,REY19003,-34.429544,-58.539925
1683300666,REY19003,-34.429521,-58.539929
1683300669,REY22898,-34.418017,-58.536389
1683300672,REY20927,-34.395194,-58.521999
1683300675,REY19003,-34.429497,-58.539933
1683300681,REY20927,-34.395184,-58.522002
1683300684,REY19003,-34.429476,-58.539938
1683300687,REY22898,-34.41806,-58.536427
1683300699,REY20927,-34.395164,-58.522013
1683300702,REY19003,-34.429436,-58.539944
1683300705,REY22898,-34.418104,-58.536468
1683300708,REY20927,-34.395155,-58.522022
1683300714,REY22898,-34.418126,-58.536486
1683300717,REY20927,-34.395148,-58.52203
1683300720,REY19003,-34.429396,-58.539949
1683300723,REY22898,-34.418148,-58.536506
1683300735,REY20927,-34.395134,-58.522052
1683300738,REY19003,-34.429348,-58.539957
1683300744,REY20927,-34.395124,-58.522076
1683300756,REY22898,-34.418255,-58.536606
1683300759,REY19003,-34.429298,-58.539964
1683300768,REY19003,-34.429256,-58.539972
1683300774,REY19003,-34.429239,-58.539974
1683300777,REY22898,-34.418298,-58.536648
1683300783,REY19003,-34.42922,-58.539976
1683300789,REY20927,-34.395115,-58.522147
1683300798,REY20927,-34.395117,-58.522162
1683300801,REY22898,-34.418363,-58.536705
1683300813,REY19003,-34.429149,-58.539991
1683300819,REY19003,-34.429127,-58.539993
1683300822,REY22898,-34.418407,-58.536742
1683300825,REY20927,-34.395129,-58.522205
1683300843,REY20927,-34.395144,-58.522231
1683300849,REY22898,-34.418473,-58.536799
1683300852,REY20927,-34.395152,-58.522244
1683300858,REY19003,-34.42905,-58.539989
1683300861,REY20927,-34.395161,-58.522254
1683300864,REY22898,-34.418517,-58.536835
1683300867,REY19003,-34.429029,-58.539991
1683300876,REY19003,-34.429008,-58.539989
1683300882,REY19003,-34.428986,-58.539987
1683300888,REY20927,-34.395208,-58.522283
1683300894,REY22898,-34.418598,-58.536916
1683300897,REY20927,-34.39522,-58.522286
1683300903,REY22898,-34.41862,-58.536936
1683300909,REY22898,-34.418641,-58.536957
1683300912,REY19003,-34.428924,-58.539996
1683300918,REY22898,-34.418663,-58.536977
1683300924,REY20927,-34.39526,-58.52229
1683300927,REY22898,-34.418686,-58.536994
1683300930,REY19003,-34.428862,-58.539994
1683300933,REY20927,-34.395272,-58.522289
1683300939,REY22898,-34.418707,-58.537012
1683300945,REY19003,-34.428819,-58.539995
1683300948,REY22898,-34.418728,-58.537032
1683300951,REY20927,-34.395297,-58.522282
1683300966,REY22898,-34.418773,-58.537068
1683300969,REY20927,-34.395322,-58.522274
1683300972,REY19003,-34.428752,-58.540003
1683300975,REY22898,-34.418794,-58.537088
1683300978,REY20927,-34.395335,-58.52227
1683300984,REY22898,-34.418815,-58.537109
1683300990,REY19003,-34.42871,-58.540007
1683300996,REY20927,-34.395361,-58.522262
1683301005,REY20927,-34.395373,-58.522258
1683301011,REY19003,-34.428667,-58.540012
1683301014,REY20927,-34.395385,-58.522253
1683301017,REY19003,-34.428647,-58.540014
1683301020,REY22898,-34.418906,-58.537182
1683301035,REY22898,-34.418953,-58.537213
1683301041,REY20927,-34.395435,-58.522234
1683301047,REY22898,-34.418976,-58.537229
1683301050,REY20927,-34.395448,-58.522229
1683301059,REY20927,-34.395461,-58.522224
1683301062,REY22898,-34.419045,-58.537281
1683301071,REY22898,-34.419069,-58.537297
1683301074,REY19003,-34.428515,-58.540029
1683301080,REY22898,-34.41909,-58.537317
1683301086,REY20927,-34.395501,-58.522207
1683301089,REY22898,-34.419111,-58.537337
1683301098,REY22898,-34.419133,-58.537355
1683301104,REY20927,-34.395531,-58.522193
1683301107,REY22898,-34.419154,-58.537376
1683301110,REY19003,-34.428434,-58.540041
1683301113,REY20927,-34.395547,-58.522185
1683301119,REY19003,-34.428391,-58.540044
1683301122,REY20927,-34.395564,-58.522175
1683301125,REY19003,-34.428369,-58.540047
1683301131,REY20927,-34.395581,-58.522163
1683301134,REY22898,-34.419219,-58.537429
1683301140,REY20927,-34.395597,-58.522149
1683301152,REY19003,-34.428304,-58.540057
1683301173,REY19003,-34.428263,-58.540058
1683301176,REY20927,-34.395643,-58.52207
1683301179,REY22898,-34.419335,-58.537505
1683301185,REY20927,-34.39565,-58.522046
1683301188,REY22898,-34.419379,-58.537538
1683301191,REY19003,-34.428225,-58.540067
1683301197,REY22898,-34.419401,-58.537557
1683301212,REY20927,-34.395658,-58.521941
1683301218,REY22898,-34.419447,-58.537587
1683301224,REY19003,-34.428137,-58.540077
1683301239,REY20927,-34.395642,-58.521864
1683301242,REY19003,-34.428095,-58.540078
1683301245,REY22898,-34.419514,-58.53764
1683301260,REY19003,-34.428057,-58.54008
1683301266,REY20927,-34.395601,-58.521803
1683301269,REY19003,-34.428035,-58.540079
1683301272,REY22898,-34.41958,-58.537692
1683301275,REY20927,-34.395584,-58.521787
1683301278,REY22898,-34.419603,-58.53771
1683301281,REY19003,-34.428012,-58.540078
1683301284,REY20927,-34.395565,-58.521774
1683301290,REY19003,-34.427988,-58.540079
1683301296,REY22898,-34.419651,-58.537744
1683301299,REY19003,-34.427968,-58.540084
1683301305,REY19003,-34.427926,-58.540091
1683301311,REY20927,-34.395503,-58.521748
1683301338,REY20927,-34.39544,-58.521726
1683301344,REY19003,-34.42784,-58.540099
1683301347,REY20927,-34.395418,-58.521719
1683301350,REY22898,-34.41981,-58.537867
1683301353,REY19003,-34.427818,-58.540101
1683301356,REY20927,-34.395396,-58.521712
1683301359,REY22898,-34.419833,-58.537885
1683301362,REY19003,-34.427796,-58.540101
1683301380,REY19003,-34.427754,-58.540101
1683301383,REY20927,-34.395308,-58.521694
1683301389,REY22898,-34.419901,-58.537937
1683301404,REY22898,-34.419947,-58.537973
1683301410,REY20927,-34.395245,-58.521685
1683301416,REY22898,-34.41997,-58.537991
1683301419,REY20927,-34.395224,-58.521683
1683301425,REY22898,-34.419994,-58.538008
1683301428,REY20927,-34.395204,-58.521682
1683301431,REY19003,-34.427625,-58.540118
1683301434,REY22898,-34.420017,-58.538026
1683301440,REY22898,-34.420042,-58.538041
1683301446,REY20927,-34.395165,-58.521681
1683301452,REY22898,-34.420066,-58.538056
1683301455,REY20927,-34.395145,-58.521681
1683301458,REY19003,-34.42757,-58.54011
1683301473,REY20927,-34.395108,-58.521682
1683301476,REY22898,-34.420139,-58.538101
1683301482,REY20927,-34.395089,-58.521682
1683301485,REY22898,-34.420189,-58.538131
1683301488,REY19003,-34.427479,-58.540103
1683301497,REY19003,-34.427456,-58.540103
1683301503,REY19003,-34.427435,-58.540104
1683301506,REY22898,-34.42024,-58.538159
1683301512,REY22898,-34.420264,-58.538173
1683301518,REY20927,-34.395017,-58.521685
1683301527,REY20927,-34.394999,-58.521685
1683301539,REY22898,-34.420333,-58.538224
1683301542,REY19003,-34.427357,-58.540099
1683301551,REY22898,-34.420357,-58.538242
1683301554,REY20927,-34.394929,-58.52169
1683301557,REY22898,-34.42038,-58.53826
1683301560,REY19003,-34.427309,-58.540097
1683301566,REY19003,-34.427285,-58.540097
1683301572,REY20927,-34.394895,-58.521693
1683301584,REY19003,-34.427241,-58.540089
1683301599,REY20927,-34.394846,-58.521697
1683301602,REY19003,-34.427201,-58.540084
1683301605,REY22898,-34.420498,-58.538345
1683301608,REY20927,-34.394829,-58.521699
1683301614,REY19003,-34.427181,-58.54008
1683301617,REY20927,-34.394813,-58.5217
1683301629,REY22898,-34.420573,-58.538395
1683301638,REY22898,-34.420597,-58.538409
1683301641,REY19003,-34.427115,-58.540073
1683301650,REY19003,-34.42709,-58.540073
1683301653,REY20927,-34.394747,-58.521706
1683301659,REY19003,-34.427066,-58.540072
1683301662,REY20927,-34.39473,-58.521708
1683301665,REY22898,-34.420689,-58.538468
1683301668,REY19003,-34.427042,-58.540072
1683301671,REY20927,-34.394714,-58.521709
1683301677,REY19003,-34.427,-58.540069
1683301689,REY20927,-34.394665,-58.521713
1683301698,REY20927,-34.394649,-58.521714
1683301701,REY22898,-34.420783,-58.538529
1683301704,REY19003,-34.426937,-58.540059
1683301710,REY22898,-34.420806,-58.538545
1683301713,REY19003,-34.426914,-58.540058
1683301716,REY20927,-34.394615,-58.521716
1683301719,REY22898,-34.42083,-58.538563
1683301722,REY19003,-34.426891,-58.540053
1683301725,REY20927,-34.394599,-58.521718
1683301731,REY19003,-34.42687,-58.540051
1683301740,REY22898,-34.420879,-58.538591
1683301749,REY22898,-34.420903,-58.538605
1683301752,REY20927,-34.394549,-58.521721
1683301758,REY22898,-34.420928,-58.538619
1683301761,REY20927,-34.394533,-58.521722
1683301764,REY19003,-34.426782,-58.540041
1683301767,REY22898,-34.420954,-58.538634
1683301773,REY19003,-34.426759,-58.540038
1683301776,REY22898,-34.420979,-58.538646
1683301779,REY20927,-34.3945,-58.521723
1683301785,REY22898,-34.42103,-58.538674
1683301788,REY20927,-34.394484,-58.521725
1683301806,REY20927,-34.394451,-58.521729
1683301821,REY19003,-34.42665,-58.540034
1683301824,REY20927,-34.394419,-58.521733
1683301827,REY19003,-34.426628,-58.540033
1683301836,REY19003,-34.426606,-58.54003
1683301839,REY22898,-34.421177,-58.538766
1683301842,REY20927,-34.394387,-58.521737
1683301845,REY19003,-34.426585,-58.540032
1683301848,REY22898,-34.421202,-58.538781
1683301857,REY22898,-34.421226,-58.538796
1683301863,REY22898,-34.42125,-58.538812
1683301878,REY20927,-34.394308,-58.521751
1683301884,REY19003,-34.426476,-58.540048
1683301890,REY22898,-34.421323,-58.538858
1683301893,REY19003,-34.426456,-58.540054
1683301905,REY20927,-34.39426,-58.52176
1683301917,REY19003,-34.426392,-58.540071
1683301920,REY22898,-34.421392,-58.538906
1683301929,REY22898,-34.421441,-58.53894
1683301935,REY19003,-34.426347,-58.540088
1683301938,REY22898,-34.421465,-58.538956
1683301947,REY22898,-34.421489,-58.538974
1683301950,REY20927,-34.39418,-58.521776
1683301953,REY22898,-34.421512,-58.538992
1683301962,REY19003,-34.426285,-58.540103
1683301974,REY22898,-34.421557,-58.539023
1683301977,REY20927,-34.394133,-58.521786
1683301980,REY22898,-34.42158,-58.539039
1683301986,REY20927,-34.394117,-58.52179
1683301989,REY22898,-34.421603,-58.539056
1683301995,REY20927,-34.394085,-58.521797
1683301998,REY22898,-34.421626,-58.539075
1683302007,REY22898,-34.42165,-58.539092
1683302028,REY22898,-34.421696,-58.539127
1683302031,REY20927,-34.394022,-58.521814
1683302037,REY22898,-34.42172,-58.539144
1683302043,REY22898,-34.421745,-58.539159
1683302046,REY19003,-34.426075,-58.540153
1683302049,REY20927,-34.39399,-58.521822
1683302055,REY19003,-34.426052,-58.540152
1683302058,REY20927,-34.393974,-58.521825
1683302061,REY22898,-34.421793,-58.539191
1683302076,REY20927,-34.393943,-58.521833
1683302094,REY20927,-34.393912,-58.521842
1683302103,REY20927,-34.393896,-58.521845
1683302121,REY20927,-34.393864,-58.521847
1683302127,REY22898,-34.421987,-58.539319
1683302133,REY19003,-34.425858,-58.540148
1683302136,REY22898,-34.422012,-58.539335
1683302145,REY19003,-34.425838,-58.540147
1683302154,REY19003,-34.425817,-58.540144
1683302157,REY20927,-34.393785,-58.521857
1683302160,REY22898,-34.422084,-58.539387
1683302163,REY19003,-34.425796,-58.540141
1683302166,REY20927,-34.393769,-58.521864
1683302178,REY22898,-34.422134,-58.539416
1683302187,REY19003,-34.425734,-58.540143
1683302193,REY20927,-34.393734,-58.521901
1683302208,REY19003,-34.425691,-58.54015
1683302211,REY20927,-34.39372,-58.521934
1683302217,REY19003,-34.42567,-58.540152
1683302220,REY20927,-34.393717,-58.521953
1683302223,REY19003,-34.42565,-58.540151
1683302226,REY22898,-34.422277,-58.539513
1683302232,REY19003,-34.42563,-58.540153
1683302235,REY22898,-34.422303,-58.539525
1683302241,REY22898,-34.422329,-58.53954
1683302244,REY19003,-34.425589,-58.540156
1683302250,REY19003,-34.425568,-58.540159
1683302259,REY22898,-34.422381,-58.539564
1683302262,REY19003,-34.425546,-58.54016
1683302265,REY20927,-34.393736,-58.522042
1683302268,REY22898,-34.422406,-58.539578
1683302274,REY20927,-34.393746,-58.522056
1683302280,REY19003,-34.425503,-58.540154
1683302295,REY22898,-34.422483,-58.539613
1683302298,REY19003,-34.425463,-58.540152
1683302301,REY20927,-34.3938,-58.522091
1683302304,REY22898,-34.422508,-58.539626
1683302307,REY19003,-34.425443,-58.540149
1683302316,REY22898,-34.422533,-58.539642
1683302346,REY20927,-34.393877,-58.522076
1683302349,REY19003,-34.425326,-58.540141
1683302352,REY22898,-34.422632,-58.5397
1683302373,REY20927,-34.393912,-58.52204
1683302379,REY22898,-34.422729,-58.53976
1683302382,REY20927,-34.39392,-58.522025
1683302391,REY20927,-34.393926,-58.522008
1683302394,REY22898,-34.422779,-58.539789
1683302397,REY19003,-34.425226,-58.540138
1683302403,REY19003,-34.425201,-58.540136
1683302406,REY22898,-34.422804,-58.539803
1683302409,REY20927,-34.393931,-58.521974
1683302415,REY19003,-34.425178,-58.540137
1683302424,REY19003,-34.425158,-58.54014
1683302427,REY20927,-34.393928,-58.52194
1683302436,REY20927,-34.393924,-58.521923
1683302442,REY22898,-34.422906,-58.539851
1683302445,REY20927,-34.393917,-58.521909
1683302451,REY22898,-34.422931,-58.539865
1683302454,REY20927,-34.393899,-58.521884
1683302457,REY19003,-34.425056,-58.540145
1683302469,REY19003,-34.425035,-58.540147
1683302472,REY20927,-34.393877,-58.521867
1683302481,REY20927,-34.393864,-58.521862
1683302487,REY19003,-34.424992,-58.540141
1683302490,REY20927,-34.393852,-58.52186
1683302514,REY22898,-34.423143,-58.539949
1683302517,REY20927,-34.393815,-58.521865
1683302520,REY22898,-34.42317,-58.539957
1683302529,REY22898,-34.423196,-58.539966
1683302535,REY20927,-34.393789,-58.521872
1683302538,REY22898,-34.423222,-58.539974
1683302541,REY19003,-34.424875,-58.540139
1683302544,REY20927,-34.393776,-58.521876
1683302550,REY19003,-34.424855,-58.540137
1683302556,REY22898,-34.423275,-58.539993
1683302562,REY20927,-34.39375,-58.521882
1683302568,REY19003,-34.424813,-58.540129
1683302571,REY20927,-34.393737,-58.521885
1683302577,REY19003,-34.424792,-58.540129
1683302586,REY22898,-34.423355,-58.540022
1683302595,REY22898,-34.423382,-58.540031
1683302598,REY20927,-34.393682,-58.521897
1683302601,REY22898,-34.423409,-58.540041
1683302607,REY20927,-34.393669,-58.5219
1683302619,REY22898,-34.423462,-58.540063
1683302622,REY19003,-34.424688,-58.540121
1683302625,REY20927,-34.393642,-58.521907
1683302628,REY19003,-34.424646,-58.540111
1683302631,REY22898,-34.42349,-58.540073
1683302637,REY19003,-34.424625,-58.54011
1683302640,REY22898,-34.423516,-58.540083
1683302646,REY22898,-34.423544,-58.540093
1683302655,REY22898,-34.423599,-58.540112
1683302661,REY20927,-34.393586,-58.521923
1683302670,REY20927,-34.393572,-58.521927
1683302673,REY19003,-34.424534,-58.540097
1683302682,REY19003,-34.424514,-58.540095
1683302688,REY20927,-34.393543,-58.521935
1683302691,REY22898,-34.42371,-58.540143
1683302700,REY22898,-34.423737,-58.540151
1683302703,REY19003,-34.424475,-58.540091
1683302709,REY22898,-34.423765,-58.540158
1683302712,REY19003,-34.424455,-58.540089
1683302715,REY20927,-34.3935,-58.521947
1683302718,REY19003,-34.424434,-58.540084
1683302721,REY22898,-34.423792,-58.540165
1683302724,REY20927,-34.393473,-58.521957
1683302730,REY19003,-34.424413,-58.540083
1683302733,REY20927,-34.393456,-58.52196
1683302736,REY19003,-34.424391,-58.540082
1683302742,REY20927,-34.393441,-58.521964
1683302748,REY22898,-34.423874,-58.540186
1683302751,REY20927,-34.393426,-58.521968
1683302754,REY22898,-34.423902,-58.540193
1683302757,REY19003,-34.424348,-58.540076
1683302772,REY22898,-34.423958,-58.540208
1683302775,REY19003,-34.424306,-58.540072
1683302781,REY19003,-34.424286,-58.540068
1683302784,REY22898,-34.423986,-58.540215
1683302787,REY20927,-34.393365,-58.521985
1683302793,REY19003,-34.424266,-58.540063
1683302796,REY20927,-34.393349,-58.521989
1683302799,REY22898,-34.424069,-58.540234
1683302805,REY20927,-34.393334,-58.521993
1683302823,REY20927,-34.393304,-58.522001
1683302826,REY19003,-34.424163,-58.540044
1683302829,REY22898,-34.424151,-58.54025
1683302838,REY22898,-34.424179,-58.540256
1683302841,REY20927,-34.393273,-58.522009
1683302844,REY19003,-34.424119,-58.540036
1683302847,REY22898,-34.424208,-58.540261
1683302859,REY20927,-34.393227,-58.522022
1683302862,REY22898,-34.424264,-58.540269
1683302865,REY19003,-34.424076,-58.540034
1683302874,REY19003,-34.424056,-58.540032
1683302877,REY20927,-34.393195,-58.522032
1683302889,REY22898,-34.424346,-58.540281
1683302892,REY19003,-34.424014,-58.540025
1683302895,REY20927,-34.393163,-58.52204
1683302901,REY19003,-34.423993,-58.540021
1683302907,REY19003,-34.423972,-58.540019
1683302913,REY20927,-34.393132,-58.522049
1683302916,REY19003,-34.423952,-58.540015
1683302937,REY19003,-34.423911,-58.540006
1683302940,REY20927,-34.393083,-58.522064
1683302943,REY19003,-34.42389,-58.54
1683302949,REY20927,-34.393066,-58.522069
1683302952,REY19003,-34.42387,-58.539996
1683302958,REY20927,-34.393049,-58.522075
1683302961,REY19003,-34.42385,-58.539994
1683302964,REY22898,-34.424594,-58.540322
1683302967,REY20927,-34.393034,-58.522081
1683302970,REY19003,-34.42383,-58.539989
1683302982,REY22898,-34.424647,-58.540332
1683302988,REY22898,-34.424675,-58.540337
1683303000,REY19003,-34.423751,-58.539957
1683303003,REY20927,-34.39297,-58.522103
1683303024,REY19003,-34.423687,-58.539933
1683303027,REY22898,-34.424783,-58.540352
1683303030,REY20927,-34.392907,-58.522124
1683303045,REY22898,-34.424838,-58.540362
1683303048,REY20927,-34.392876,-58.522134
1683303054,REY19003,-34.423626,-58.539915
1683303084,REY20927,-34.392813,-58.522156
1683303090,REY19003,-34.423548,-58.539882
1683303099,REY19003,-34.423527,-58.539875
1683303102,REY20927,-34.392781,-58.522167
1683303105,REY22898,-34.425055,-58.540395
1683303114,REY19003,-34.423486,-58.539864
1683303117,REY22898,-34.425083,-58.5404
1683303120,REY20927,-34.39275,-58.522179
1683303123,REY19003,-34.423466,-58.539857
1683303129,REY20927,-34.392734,-58.522183
1683303135,REY22898,-34.425135,-58.54041
1683303141,REY22898,-34.425162,-58.540414
1683303147,REY20927,-34.392703,-58.522194
1683303159,REY19003,-34.423386,-58.539829
1683303174,REY20927,-34.392656,-58.522213
1683303180,REY22898,-34.425269,-58.540427
1683303189,REY19003,-34.423303,-58.539801
1683303192,REY20927,-34.392607,-58.52223
1683303198,REY22898,-34.425322,-58.540434
1683303207,REY22898,-34.425349,-58.540436
1683303210,REY20927,-34.392575,-58.522242
1683303213,REY19003,-34.423245,-58.539778
1683303216,REY22898,-34.425376,-58.540439
1683303219,REY20927,-34.392559,-58.522249
1683303234,REY19003,-34.423206,-58.539763
1683303237,REY20927,-34.392528,-58.522263
1683303243,REY22898,-34.425457,-58.540447
1683303252,REY22898,-34.42551,-58.540453
1683303258,REY19003,-34.423146,-58.539738
1683303267,REY22898,-34.425564,-58.540459
1683303276,REY22898,-34.425591,-58.540461
1683303279,REY19003,-34.423109,-58.539718
1683303285,REY19003,-34.42309,-58.539708
1683303288,REY22898,-34.425618,-58.540464
1683303300,REY20927,-34.392417,-58.522313
1683303312,REY19003,-34.423035,-58.539675
1683303324,REY22898,-34.425728,-58.540472
1683303348,REY22898,-34.425809,-58.540477
1683303354,REY20927,-34.392306,-58.522363
1683303357,REY22898,-34.425835,-58.540479
1683303360,REY19003,-34.422941,-58.539625
1683303363,REY20927,-34.39229,-58.52237
1683303369,REY22898,-34.425863,-58.540481
1683303372,REY20927,-34.392274,-58.522378
1683303375,REY19003,-34.422884,-58.539592
1683303378,REY22898,-34.425891,-58.540484
1683303381,REY20927,-34.392259,-58.522385
1683303384,REY19003,-34.422865,-58.539578
1683303387,REY22898,-34.425919,-58.540485
1683303390,REY20927,-34.392243,-58.522393
1683303393,REY19003,-34.422846,-58.539567
1683303402,REY19003,-34.422828,-58.539559
1683303405,REY22898,-34.425973,-58.540487
1683303420,REY22898,-34.426055,-58.540489
1683303423,REY19003,-34.422791,-58.539538
1683303426,REY20927,-34.392179,-58.52242
1683303432,REY19003,-34.422773,-58.539526
1683303441,REY22898,-34.426111,-58.540488
1683303444,REY20927,-34.392147,-58.522432
1683303447,REY19003,-34.422735,-58.539507
1683303465,REY22898,-34.426192,-58.540492
1683303477,REY22898,-34.42622,-58.540492
1683303480,REY20927,-34.392068,-58.522468
1683303483,REY22898,-34.426247,-58.540493
1683303486,REY19003,-34.422659,-58.539469
1683303501,REY22898,-34.426302,-58.540495
1683303504,REY19003,-34.422621,-58.539448
1683303510,REY22898,-34.42633,-58.540497
1683303513,REY19003,-34.422603,-58.539433
1683303519,REY19003,-34.422584,-58.539422
1683303522,REY22898,-34.426357,-58.540497
1683303528,REY19003,-34.422564,-58.539411
1683303537,REY22898,-34.426411,-58.540498
1683303543,REY20927,-34.391958,-58.522518
1683303555,REY22898,-34.426468,-58.540496
1683303567,REY22898,-34.426495,-58.540495
1683303573,REY19003,-34.422445,-58.539359
1683303582,REY22898,-34.426579,-58.540493
1683303585,REY19003,-34.422426,-58.539352
1683303588,REY20927,-34.391878,-58.522552
1683303591,REY19003,-34.422405,-58.539345
1683303597,REY20927,-34.391862,-58.522559
1683303609,REY19003,-34.422364,-58.539329
1683303612,REY22898,-34.42666,-58.540491
1683303615,REY20927,-34.391829,-58.522571
1683303621,REY22898,-34.426688,-58.54049
1683303624,REY20927,-34.391813,-58.522577
1683303651,REY20927,-34.39175,-58.522607
1683303657,REY19003,-34.422268,-58.539287
1683303666,REY19003,-34.422247,-58.539279
1683303675,REY19003,-34.422227,-58.539265
1683303684,REY19003,-34.422207,-58.539252
1683303687,REY20927,-34.391689,-58.522635
1683303690,REY19003,-34.422188,-58.539244
1683303693,REY22898,-34.42691,-58.540482
1683303699,REY19003,-34.422169,-58.539234
1683303702,REY22898,-34.426939,-58.540484
1683303705,REY20927,-34.391658,-58.522644
1683303708,REY19003,-34.42215,-58.539221
1683303717,REY19003,-34.422129,-58.539212
1683303720,REY22898,-34.426994,-58.540487
1683303729,REY22898,-34.427022,-58.540487
1683303735,REY19003,-34.422071,-58.539186
1683303738,REY22898,-34.427074,-58.540481
1683303744,REY22898,-34.4271,-58.540478
1683303747,REY19003,-34.422052,-58.539174
1683303762,REY19003,-34.422017,-58.539148
1683303765,REY22898,-34.427153,-58.540479
1683303774,REY19003,-34.422,-58.539135
1683303783,REY19003,-34.421983,-58.539119
1683303789,REY22898,-34.427234,-58.540484
1683303792,REY19003,-34.421966,-58.539103
1683303804,REY20927,-34.391475,-58.52272
1683303807,REY19003,-34.421931,-58.539073
1683303819,REY19003,-34.421914,-58.539058
1683303828,REY22898,-34.427341,-58.540473
1683303831,REY20927,-34.391458,-58.52277
1683303834,REY22898,-34.427368,-58.54047
1683303837,REY19003,-34.42188,-58.53903
1683303840,REY20927,-34.391459,-58.522789
1683303846,REY19003,-34.421864,-58.539016
1683303849,REY20927,-34.391462,-58.522807
1683303855,REY22898,-34.427422,-58.54047
1683303858,REY20927,-34.391468,-58.522824
1683303861,REY19003,-34.421831,-58.538987
1683303870,REY19003,-34.421815,-58.53897
1683303876,REY20927,-34.391489,-58.522849
1683303879,REY19003,-34.421799,-58.538953
1683303885,REY20927,-34.391503,-58.522855
1683303888,REY22898,-34.427558,-58.54048
1683303897,REY22898,-34.427586,-58.540481
1683303900,REY19003,-34.421767,-58.538921
1683303903,REY20927,-34.39153,-58.522857
1683303912,REY20927,-34.391544,-58.522858
1683303915,REY19003,-34.421734,-58.53889
1683303918,REY22898,-34.427642,-58.540486
1683303921,REY20927,-34.391558,-58.522861
1683303924,REY22898,-34.42767,-58.540486
1683303927,REY19003,-34.421702,-58.538862
1683303930,REY20927,-34.391573,-58.522865
1683303933,REY22898,-34.427697,-58.540485
1683303936,REY19003,-34.421686,-58.538848
1683303939,REY20927,-34.391602,-58.522871
1683303945,REY22898,-34.427724,-58.540485
1683303948,REY20927,-34.391617,-58.522875
1683303957,REY20927,-34.391633,-58.52288
1683303966,REY20927,-34.391649,-58.522884
1683303972,REY19003,-34.421629,-58.538773
1683303999,REY19003,-34.421587,-58.538722
1683304002,REY20927,-34.391713,-58.522883
1683304011,REY20927,-34.39173,-58.52288
1683304026,REY19003,-34.421546,-58.538672
1683304044,REY19003,-34.42152,-58.53864
1683304050,REY22898,-34.428072,-58.540458
1683304059,REY22898,-34.428098,-58.540459
1683304065,REY20927,-34.391832,-58.522872
1683304071,REY19003,-34.421474,-58.538594
1683304074,REY20927,-34.391849,-58.522872
1683304077,REY19003,-34.421459,-58.538577
1683304083,REY20927,-34.391867,-58.522869
1683304086,REY19003,-34.421444,-58.538561
1683304089,REY22898,-34.428182,-58.540461
1683304104,REY22898,-34.428236,-58.540457
1683304113,REY19003,-34.421382,-58.538506
1683304116,REY22898,-34.428263,-58.540453
1683304119,REY20927,-34.391954,-58.522863
1683304122,REY19003,-34.421365,-58.538491
1683304128,REY20927,-34.391971,-58.522858
1683304143,REY19003,-34.421331,-58.538461
1683304146,REY20927,-34.392006,-58.52285
1683304155,REY20927,-34.392024,-58.522845
1683304161,REY19003,-34.421297,-58.538432
1683304170,REY19003,-34.421279,-58.538418
1683304176,REY19003,-34.421262,-58.538407
1683304182,REY20927,-34.392074,-58.522823
1683304188,REY19003,-34.421244,-58.538395
1683304191,REY20927,-34.392091,-58.522817
1683304197,REY20927,-34.392107,-58.522809
1683304203,REY20927,-34.392123,-58.522799
1683304206,REY19003,-34.421196,-58.538346
1683304212,REY19003,-34.42118,-58.538331
1683304218,REY19003,-34.421163,-58.538318
1683304227,REY20927,-34.392177,-58.52272
1683304230,REY19003,-34.421125,-58.538293
1683304248,REY19003,-34.421061,-58.538232
1683304251,REY20927,-34.392189,-58.522644
1683304257,REY20927,-34.392187,-58.522624
1683304263,REY20927,-34.392184,-58.522606
1683304269,REY20927,-34.392179,-58.522588
1683304272,REY19003,-34.421,-58.538171
1683304281,REY20927,-34.392162,-58.522559
1683304284,REY19003,-34.42097,-58.538141
1683304302,REY19003,-34.42092,-58.538096
1683304308,REY19003,-34.420903,-58.538082
1683304314,REY19003,-34.420886,-58.538068
1683304323,REY20927,-34.392057,-58.522502
1683304329,REY20927,-34.392043,-58.522501
1683304335,REY20927,-34.392029,-58.522502
1683304341,REY20927,-34.392015,-58.522504
1683304344,REY19003,-34.4208,-58.537995
1683304353,REY20927,-34.391987,-58.522512
1683304356,REY19003,-34.420766,-58.537966
1683304359,REY20927,-34.391973,-58.522515
1683304362,REY19003,-34.420748,-58.537951
1683304365,REY20927,-34.391959,-58.52252
1683304368,REY19003,-34.42073,-58.537936
1683304371,REY20927,-34.391945,-58.522524
1683304374,REY19003,-34.420713,-58.537921
1683304389,REY20927,-34.391901,-58.522537
1683304395,REY20927,-34.391886,-58.522542
1683304404,REY19003,-34.420606,-58.537835
1683304410,REY19003,-34.420588,-58.537822
1683304425,REY20927,-34.391796,-58.522571
1683304437,REY20927,-34.391765,-58.522581
1683304443,REY20927,-34.39175,-58.522587
1683304449,REY20927,-34.391735,-58.522591
1683304452,REY19003,-34.42046,-58.537728
1683304461,REY20927,-34.391704,-58.522602
1683304464,REY19003,-34.420426,-58.5377
1683304467,REY20927,-34.391689,-58.522607
1683304470,REY19003,-34.42041,-58.537682
1683304476,REY19003,-34.420392,-58.537667
1683304479,REY20927,-34.391657,-58.52262
1683304485,REY20927,-34.391642,-58.522627
1683304497,REY20927,-34.39161,-58.522638
1683304500,REY19003,-34.420308,-58.537587
1683304503,REY20927,-34.391594,-58.522644
1683304509,REY20927,-34.391579,-58.52265
1683304518,REY19003,-34.420258,-58.537546
1683304524,REY19003,-34.420242,-58.537532
1683304533,REY20927,-34.391501,-58.52268
1683304539,REY20927,-34.391486,-58.522686
1683304542,REY19003,-34.420186,-58.537489
1683304551,REY20927,-34.391454,-58.522698
1683304557,REY20927,-34.39144,-58.522704
1683304560,REY19003,-34.420133,-58.537447
1683304575,REY20927,-34.391395,-58.522722
1683304581,REY20927,-34.39138,-58.522728
1683304584,REY19003,-34.420063,-58.537391
1683304590,REY19003,-34.420045,-58.537377
1683304593,REY20927,-34.391351,-58.522741
1683304596,REY19003,-34.420025,-58.537364
1683304599,REY20927,-34.391335,-58.522747
1683304602,REY19003,-34.41999,-58.537333
1683304605,REY20927,-34.39132,-58.522753
1683304617,REY20927,-34.391276,-58.522774
1683304626,REY19003,-34.419918,-58.537273
1683304629,REY20927,-34.391248,-58.522787
1683304632,REY19003,-34.419902,-58.537258
1683304638,REY19003,-34.419884,-58.537244
1683304647,REY20927,-34.391203,-58.52281
1683304653,REY20927,-34.391188,-58.522818
1683304665,REY20927,-34.391158,-58.522832
1683304668,REY19003,-34.419797,-58.537171
1683304674,REY19003,-34.419779,-58.537155
1683304677,REY20927,-34.391128,-58.522844
1683304689,REY20927,-34.391098,-58.522857
1683304704,REY19003,-34.419695,-58.537076
1683304707,REY20927,-34.391051,-58.522874
1683304710,REY19003,-34.419677,-58.537064
1683304722,REY19003,-34.419641,-58.537039
1683304725,REY20927,-34.390988,-58.522888
1683304728,REY19003,-34.419605,-58.537016
1683304731,REY20927,-34.390971,-58.522891
1683304740,REY19003,-34.419568,-58.536998
1683304743,REY20927,-34.390941,-58.522897
1683304746,REY19003,-34.419552,-58.536983
1683304752,REY19003,-34.419535,-58.536967
1683304755,REY20927,-34.390909,-58.522903
1683304758,REY19003,-34.419517,-58.536954
1683304761,REY20927,-34.390893,-58.522906
1683304767,REY20927,-34.390878,-58.52291
1683304770,REY19003,-34.419481,-58.536925
1683304779,REY20927,-34.390846,-58.522914
1683304782,REY19003,-34.419446,-58.536898
1683304788,REY19003,-34.419428,-58.536882
1683304791,REY20927,-34.390814,-58.522918
1683304794,REY19003,-34.419409,-58.536867
1683304797,REY20927,-34.3908,-58.522926
1683304800,REY19003,-34.419391,-58.53685
1683304803,REY20927,-34.390789,-58.522937
1683304809,REY20927,-34.39078,-58.522952
1683304818,REY19003,-34.419342,-58.536805
1683304821,REY20927,-34.390773,-58.522986
1683304824,REY19003,-34.419326,-58.536788
1683304836,REY19003,-34.419289,-58.536756
1683304839,REY20927,-34.390797,-58.523046
1683304851,REY20927,-34.390822,-58.523062
1683304860,REY19003,-34.41921,-58.536677
1683304863,REY20927,-34.390852,-58.523062
1683304878,REY19003,-34.41916,-58.536626
1683304881,REY20927,-34.39089,-58.52304
1683304890,REY19003,-34.419127,-58.536596
1683304896,REY19003,-34.419114,-58.536577
1683304899,REY20927,-34.390913,-58.523001
1683304905,REY20927,-34.390917,-58.522984
1683304908,REY19003,-34.419083,-58.536547
1683304914,REY19003,-34.419064,-58.536535
1683304917,REY20927,-34.390915,-58.522951
1683304920,REY19003,-34.419048,-58.536521
1683304923,REY20927,-34.390911,-58.522936
1683304929,REY20927,-34.390906,-58.522921
1683304938,REY19003,-34.419003,-58.536473
1683304941,REY20927,-34.390876,-58.522894
1683304944,REY19003,-34.418987,-58.536459
1683304947,REY20927,-34.390865,-58.522891
1683304950,REY19003,-34.418971,-58.536444
1683304953,REY20927,-34.390851,-58.522891
1683304956,REY19003,-34.418955,-58.53643
1683304962,REY19003,-34.418924,-58.536399
1683304965,REY20927,-34.390829,-58.522892
1683304968,REY19003,-34.418909,-58.536385
1683304974,REY19003,-34.418892,-58.536373
1683304980,REY19003,-34.418874,-58.53636
1683304983,REY20927,-34.390795,-58.522905
1683304986,REY19003,-34.418858,-58.536344
1683304992,REY19003,-34.418842,-58.536325
1683304995,REY20927,-34.390773,-58.522918
1683305004,REY19003,-34.41881,-58.53629
1683305010,REY19003,-34.418794,-58.536273
1683305013,REY20927,-34.390742,-58.522945
1683305016,REY19003,-34.418779,-58.536256
1683305022,REY19003,-34.418765,-58.53624
1683305025,REY20927,-34.390723,-58.522967
1683305028,REY19003,-34.418751,-58.536222
1683305037,REY20927,-34.390703,-58.52299
1683305043,REY20927,-34.390682,-58.523014
1683305046,REY19003,-34.418708,-58.536171
1683305052,REY19003,-34.418692,-58.536153
1683305055,REY20927,-34.390661,-58.523039
1683305061,REY20927,-34.39065,-58.523052
1683305067,REY20927,-34.390639,-58.523065
1683305082,REY19003,-34.418608,-58.536075
1683305100,REY19003,-34.41854,-58.536017
1683305103,REY20927,-34.390567,-58.523135
1683305115,REY20927,-34.390541,-58.523156
1683305118,REY19003,-34.418494,-58.535971
1683305124,REY19003,-34.418479,-58.535954
1683305127,REY20927,-34.390514,-58.523176
1683305139,REY20927,-34.390485,-58.523195
1683305148,REY19003,-34.418417,-58.535879
1683305160,REY19003,-34.418388,-58.535845
1683305166,REY19003,-34.418374,-58.535831
1683305175,REY20927,-34.390383,-58.523254
1683305178,REY19003,-34.418342,-58.535798
1683305184,REY19003,-34.418325,-58.535781
1683305187,REY20927,-34.390352,-58.523267
1683305199,REY20927,-34.390322,-58.523283
1683305202,REY19003,-34.418273,-58.535738
1683305208,REY19003,-34.418241,-58.535708
1683305211,REY20927,-34.390292,-58.523299
1683305217,REY20927,-34.390277,-58.523306
1683305220,REY19003,-34.418207,-58.535677
1683305223,REY20927,-34.390262,-58.523313
1683305226,REY19003,-34.418189,-58.535663
1683305229,REY20927,-34.390246,-58.523322
1683305235,REY20927,-34.390231,-58.52333
1683305238,REY19003,-34.418155,-58.535634
1683305241,REY20927,-34.390214,-58.52334
1683305250,REY19003,-34.418125,-58.535602
1683305253,REY20927,-34.39018,-58.523359
1683305256,REY19003,-34.418109,-58.535587
1683305268,REY19003,-34.418077,-58.535551
1683305274,REY19003,-34.418061,-58.535533
1683305280,REY19003,-34.418044,-58.535517
1683305283,REY20927,-34.390067,-58.52342
1683305286,REY19003,-34.418026,-58.535503
1683305289,REY20927,-34.390047,-58.52343
1683305295,REY20927,-34.390026,-58.52344
1683305307,REY20927,-34.389984,-58.523461
1683305319,REY20927,-34.389941,-58.523481
1683305322,REY19003,-34.417928,-58.535417
1683305325,REY20927,-34.389919,-58.523491
1683305337,REY20927,-34.389876,-58.523512
1683305340,REY19003,-34.417864,-58.535355
1683305361,REY20927,-34.389788,-58.523554
1683305364,REY19003,-34.417797,-58.535295
1683305370,REY19003,-34.417781,-58.535278
1683305373,REY20927,-34.389722,-58.52358
1683305376,REY19003,-34.417764,-58.535263
1683305379,REY20927,-34.389699,-58.523584
1683305391,REY20927,-34.389652,-58.523588
1683305394,REY19003,-34.417715,-58.535223
1683305397,REY20927,-34.389629,-58.52359
1683305400,REY19003,-34.417699,-58.535208
1683305403,REY20927,-34.389604,-58.523592
1683305406,REY19003,-34.417682,-58.535193
1683305409,REY20927,-34.389581,-58.523596
1683305412,REY19003,-34.417665,-58.535179
1683305415,REY20927,-34.389559,-58.523606
1683305421,REY20927,-34.389541,-58.523623
1683305427,REY20927,-34.389528,-58.523645
1683305442,REY19003,-34.417565,-58.535089
1683305451,REY20927,-34.38952,-58.523752
1683305457,REY20927,-34.38953,-58.523777
1683305460,REY19003,-34.417515,-58.535043
1683305472,REY19003,-34.417481,-58.535013
1683305493,REY20927,-34.389672,-58.523812
1683305502,REY19003,-34.417399,-58.534936
1683305505,REY20927,-34.389705,-58.523773
1683305511,REY20927,-34.389716,-58.523748
1683305517,REY20927,-34.389721,-58.523722
1683305523,REY20927,-34.389722,-58.523696
1683305529,REY20927,-34.389718,-58.523669
1683305535,REY20927,-34.389708,-58.523646
1683305538,REY19003,-34.417298,-58.534843
1683305544,REY19003,-34.417281,-58.534829
1683305559,REY20927,-34.389638,-58.523596
1683305565,REY20927,-34.389617,-58.523598
1683305571,REY20927,-34.389597,-58.523603
1683305583,REY20927,-34.389533,-58.52362
1683305586,REY19003,-34.417152,-58.534708
1683305589,REY20927,-34.389512,-58.523626
1683305592,REY19003,-34.417136,-58.534692
1683305595,REY20927,-34.38949,-58.523632
1683305601,REY20927,-34.389469,-58.523639
1683305610,REY19003,-34.417087,-58.534642
1683305613,REY20927,-34.389424,-58.52365
1683305616,REY19003,-34.417071,-58.534628
1683305619,REY20927,-34.389402,-58.523655
1683305625,REY20927,-34.38938,-58.52366
1683305628,REY19003,-34.417038,-58.534597
1683305631,REY20927,-34.389357,-58.523666
1683305634,REY19003,-34.417022,-58.534582
1683305640,REY19003,-34.417005,-58.534565
1683305643,REY20927,-34.389311,-58.523677
1683305655,REY20927,-34.389265,-58.523688
1683305658,REY19003,-34.416957,-58.534514
1683305673,REY20927,-34.389197,-58.523714
1683305682,REY19003,-34.416871,-58.534439
1683305688,REY19003,-34.416853,-58.534426
1683305700,REY19003,-34.416817,-58.534398
1683305703,REY20927,-34.389062,-58.523762
1683305715,REY20927,-34.389015,-58.523776
1683305718,REY19003,-34.416766,-58.534356
1683305724,REY19003,-34.416749,-58.534341
1683305733,REY20927,-34.388946,-58.523803
1683305745,REY20927,-34.388902,-58.523823
1683305751,REY20927,-34.388879,-58.523831
1683305766,REY19003,-34.41663,-58.534234
1683305772,REY19003,-34.416612,-58.53422
1683305778,REY19003,-34.416595,-58.534206
1683305781,REY20927,-34.388742,-58.523888
1683305793,REY20927,-34.388698,-58.52391
1683305796,REY19003,-34.416544,-58.534163
1683305808,REY19003,-34.416494,-58.534116
1683305829,REY20927,-34.388567,-58.523975
1683305847,REY20927,-34.388498,-58.524004
1683305850,REY19003,-34.416377,-58.534019
1683305856,REY19003,-34.416361,-58.534007
1683305859,REY20927,-34.388454,-58.524029
1683305871,REY20927,-34.388392,-58.524074
1683305880,REY19003,-34.416294,-58.533952
1683305883,REY20927,-34.388348,-58.524096
1683305886,REY19003,-34.416277,-58.533938
1683305889,REY20927,-34.388326,-58.524108
1683305895,REY20927,-34.388303,-58.52412
1683305904,REY19003,-34.416227,-58.533896
1683305913,REY20927,-34.388247,-58.52417
1683305919,REY20927,-34.388228,-58.524188
1683305925,REY20927,-34.388209,-58.524207
1683305928,REY19003,-34.416142,-58.533825
1683305946,REY19003,-34.416092,-58.53378
1683305949,REY20927,-34.388129,-58.524274
1683305955,REY20927,-34.388109,-58.524289
1683305958,REY19003,-34.41606,-58.533749
1683305964,REY19003,-34.416043,-58.533734
1683305967,REY20927,-34.38807,-58.524319
1683305973,REY20927,-34.38805,-58.524334
1683305976,REY19003,-34.416009,-58.533704
1683305979,REY20927,-34.388011,-58.524366
1683305982,REY19003,-34.415992,-58.533692
1683305985,REY20927,-34.387991,-58.524381
1683305988,REY19003,-34.415976,-58.533676
1683305991,REY20927,-34.38797,-58.524395
1683306000,REY19003,-34.415945,-58.533643
1683306009,REY20927,-34.387905,-58.524436
1683306012,REY19003,-34.415913,-58.533612
1683306021,REY20927,-34.387864,-58.524465
1683306030,REY19003,-34.415849,-58.533555
1683306033,REY20927,-34.387822,-58.524497
1683306036,REY19003,-34.415833,-58.53354
1683306039,REY20927,-34.387802,-58.524513
1683306054,REY19003,-34.415784,-58.533493
1683306057,REY20927,-34.387741,-58.524555
1683306063,REY20927,-34.387723,-58.524574
1683306066,REY19003,-34.41575,-58.533467
1683306072,REY19003,-34.415733,-58.533453
1683306081,REY20927,-34.387668,-58.524668
1683306096,REY19003,-34.415666,-58.533394
1683306099,REY20927,-34.38765,-58.524753
1683306102,REY19003,-34.415649,-58.533381
1683306105,REY20927,-34.38765,-58.524782
1683306114,REY19003,-34.415599,-58.533335
1683306120,REY19003,-34.415581,-58.53332
1683306129,REY20927,-34.387673,-58.524886
1683306132,REY19003,-34.415548,-58.53329
1683306135,REY20927,-34.387682,-58.524909
1683306138,REY19003,-34.415532,-58.533276
1683306144,REY19003,-34.415515,-58.53326
1683306147,REY20927,-34.387707,-58.524952
1683306150,REY19003,-34.415499,-58.533245
1683306162,REY19003,-34.415466,-58.533212
1683306165,REY20927,-34.387763,-58.525
1683306177,REY20927,-34.387833,-58.525014
1683306180,REY19003,-34.415418,-58.533165
1683306183,REY20927,-34.387858,-58.525015
1683306198,REY19003,-34.415368,-58.533121
1683306201,REY20927,-34.387931,-58.52501
1683306204,REY19003,-34.415351,-58.533106
1683306207,REY20927,-34.387956,-58.525009
1683306216,REY19003,-34.415318,-58.533077
1683306237,REY20927,-34.388083,-58.524988
1683306240,REY19003,-34.415234,-58.533004
1683306246,REY19003,-34.415217,-58.532991
1683306249,REY20927,-34.388134,-58.524975
1683306255,REY20927,-34.38816,-58.524968
1683306267,REY20927,-34.388211,-58.524951
1683306270,REY19003,-34.415149,-58.532938
1683306273,REY20927,-34.388236,-58.524942
1683306276,REY19003,-34.415133,-58.532922
1683306282,REY19003,-34.415116,-58.532909
1683306291,REY20927,-34.388337,-58.524904
1683306303,REY20927,-34.388387,-58.524885
1683306306,REY19003,-34.41505,-58.532853
1683306312,REY19003,-34.415034,-58.53284
1683306318,REY19003,-34.415017,-58.532826
1683306324,REY19003,-34.415001,-58.532812
1683306333,REY20927,-34.38843,-58.524768
1683306339,REY20927,-34.38842,-58.524746
1683306348,REY19003,-34.414922,-58.532738
1683306354,REY19003,-34.414906,-58.532723
1683306360,REY19003,-34.41489,-58.532708
1683306363,REY20927,-34.388351,-58.52472
1683306369,REY20927,-34.388335,-58.52473
1683306372,REY19003,-34.414858,-58.532677
1683306390,REY19003,-34.414809,-58.532633
1683306396,REY19003,-34.414793,-58.532618
1683306411,REY20927,-34.388368,-58.524872
1683306414,REY19003,-34.414744,-58.532572
1683306417,REY20927,-34.388388,-58.524876
1683306423,REY20927,-34.388408,-58.524873
1683306429,REY20927,-34.388427,-58.524864
1683306432,REY19003,-34.414695,-58.532528
1683306438,REY19003,-34.414679,-58.532514
1683306447,REY20927,-34.388485,-58.524827
1683306453,REY20927,-34.388506,-58.524815
1683306468,REY19003,-34.414585,-58.53242
1683306471,REY20927,-34.388569,-58.524776
1683306474,REY19003,-34.414569,-58.532405
1683306477,REY20927,-34.38859,-58.524763
1683306480,REY19003,-34.414555,-58.532389
1683306489,REY20927,-34.388636,-58.524738
1683306495,REY20927,-34.388658,-58.524725
1683306504,REY19003,-34.414495,-58.532321
1683306507,REY20927,-34.388725,-58.524681
1683306513,REY20927,-34.388747,-58.524665
1683306516,REY19003,-34.414466,-58.532286
1683306519,REY20927,-34.388768,-58.524648
1683306525,REY20927,-34.388788,-58.52463
1683306543,REY20927,-34.388856,-58.524587
1683306552,REY19003,-34.414376,-58.532182
1683306564,REY19003,-34.414347,-58.532148
1683306567,REY20927,-34.388952,-58.524536
1683306570,REY19003,-34.414317,-58.532113
1683306579,REY20927,-34.389002,-58.524511
1683306585,REY20927,-34.389027,-58.524498
1683306591,REY20927,-34.389077,-58.524475
1683306594,REY19003,-34.414261,-58.532042
1683306597,REY20927,-34.389102,-58.524463
1683306603,REY20927,-34.389128,-58.524452
1683306612,REY19003,-34.41422,-58.531986
1683306618,REY19003,-34.414207,-58.531968
1683306621,REY20927,-34.389206,-58.524428
1683306624,REY19003,-34.414193,-58.531949
1683306636,REY19003,-34.414162,-58.531917
1683306639,REY20927,-34.389286,-58.52441
1683306648,REY19003,-34.414128,-58.531889
1683306651,REY20927,-34.389338,-58.524393
1683306663,REY20927,-34.38939,-58.524371
1683306669,REY20927,-34.389416,-58.524359
1683306675,REY20927,-34.389442,-58.524346
1683306678,REY19003,-34.414043,-58.531818
1683306705,REY20927,-34.389598,-58.524274
1683306711,REY20927,-34.389624,-58.524263
1683306714,REY19003,-34.413921,-58.53172
1683306717,REY20927,-34.389651,-58.524252
1683306720,REY19003,-34.413904,-58.531707
1683306726,REY19003,-34.413887,-58.531693
1683306729,REY20927,-34.389703,-58.524228
1683306735,REY20927,-34.38973,-58.524217
1683306741,REY20927,-34.389756,-58.524207
1683306747,REY20927,-34.389783,-58.524197
1683306750,REY19003,-34.413816,-58.531638
1683306756,REY19003,-34.413799,-58.531624
1683306762,REY19003,-34.413782,-58.531611
1683306768,REY19003,-34.413765,-58.531597
1683306771,REY20927,-34.389891,-58.524151
1683306774,REY19003,-34.413748,-58.531583
1683306780,REY19003,-34.413731,-58.53157
1683306786,REY19003,-34.413714,-58.531556
1683306789,REY20927,-34.389996,-58.524096
1683306804,REY19003,-34.413644,-58.531499
1683306810,REY19003,-34.413626,-58.531485
1683306813,REY20927,-34.3901,-58.524043
1683306816,REY19003,-34.413609,-58.531472
1683306822,REY19003,-34.413592,-58.531458
1683306825,REY20927,-34.390154,-58.524018
1683306837,REY20927,-34.390207,-58.523994
1683306840,REY19003,-34.413541,-58.531416
1683306843,REY20927,-34.390233,-58.523981
1683306852,REY19003,-34.413506,-58.531388
1683306861,REY20927,-34.390313,-58.523945
1683306870,REY19003,-34.413455,-58.531346
1683306873,REY20927,-34.390367,-58.523922
1683306876,REY19003,-34.413438,-58.531333
1683306879,REY20927,-34.390394,-58.523911
1683306882,REY19003,-34.413421,-58.531318
1683306885,REY20927,-34.390422,-58.5239
1683306894,REY19003,-34.413386,-58.531289
1683306897,REY20927,-34.390503,-58.523868
1683306900,REY19003,-34.413369,-58.531275
1683306903,REY20927,-34.39053,-58.523857
1683306909,REY20927,-34.390557,-58.523847
1683306912,REY19003,-34.413335,-58.531247
1683306915,REY20927,-34.390584,-58.523837
1683306924,REY19003,-34.413284,-58.531204
1683306927,REY20927,-34.390639,-58.523819
1683306930,REY19003,-34.413267,-58.531189
1683306933,REY20927,-34.390666,-58.523809
1683306936,REY19003,-34.413249,-58.531175
1683306939,REY20927,-34.390693,-58.523799
1683306945,REY20927,-34.39072,-58.523788
1683306951,REY20927,-34.390748,-58.523778
1683306957,REY20927,-34.390775,-58.523767
1683306960,REY19003,-34.413183,-58.531115
1683306969,REY20927,-34.390829,-58.523746
1683306972,REY19003,-34.413149,-58.531086
1683306978,REY19003,-34.413132,-58.531071
1683306987,REY20927,-34.390937,-58.523704
1683306990,REY19003,-34.413098,-58.531041
1683306993,REY20927,-34.390964,-58.523694
1683306999,REY20927,-34.390991,-58.523684
1683307002,REY19003,-34.413065,-58.531011
1683307005,REY20927,-34.391019,-58.523675
1683307011,REY20927,-34.391045,-58.523664
1683307014,REY19003,-34.413032,-58.53098
1683307017,REY20927,-34.391073,-58.523654
1683307023,REY20927,-34.3911,-58.523645
1683307032,REY19003,-34.412966,-58.530916
1683307035,REY20927,-34.391155,-58.523627
1683307038,REY19003,-34.412951,-58.5309
1683307041,REY20927,-34.391182,-58.523619
1683307047,REY20927,-34.391209,-58.523611
1683307068,REY19003,-34.412874,-58.530819
1683307071,REY20927,-34.39134,-58.523563
1683307086,REY19003,-34.412827,-58.53077
1683307095,REY20927,-34.39145,-58.523525
1683307098,REY19003,-34.412797,-58.530735
1683307110,REY19003,-34.412765,-58.530705
1683307119,REY20927,-34.391559,-58.523486
1683307122,REY19003,-34.412733,-58.530672
1683307131,REY20927,-34.391613,-58.523467
1683307134,REY19003,-34.412702,-58.530644
1683307137,REY20927,-34.391641,-58.523457
1683307146,REY19003,-34.412659,-58.530603
1683307149,REY20927,-34.391694,-58.523439
1683307155,REY20927,-34.391722,-58.523431
1683307158,REY19003,-34.412629,-58.530574
1683307170,REY19003,-34.412601,-58.530546
1683307176,REY19003,-34.412586,-58.530533
1683307185,REY20927,-34.391885,-58.523378
1683307188,REY19003,-34.412556,-58.530505
1683307191,REY20927,-34.391911,-58.523367
1683307197,REY20927,-34.391938,-58.523355
1683307206,REY19003,-34.412512,-58.530458
1683307209,REY20927,-34.391992,-58.523333
1683307212,REY19003,-34.412497,-58.530441
1683307215,REY20927,-34.392019,-58.523322
1683307218,REY19003,-34.41248,-58.530426
1683307224,REY19003,-34.412465,-58.530412
1683307227,REY20927,-34.392073,-58.523301
1683307233,REY20927,-34.3921,-58.52329
1683307236,REY19003,-34.412437,-58.530379
1683307242,REY19003,-34.412422,-58.530361
1683307245,REY20927,-34.392153,-58.523268
1683307248,REY19003,-34.412405,-58.530345
1683307251,REY20927,-34.39218,-58.523255
1683307254,REY19003,-34.412372,-58.530318
1683307263,REY20927,-34.392234,-58.523232
1683307272,REY19003,-34.412321,-58.530276
1683307278,REY19003,-34.412303,-58.530263
1683307293,REY20927,-34.392398,-58.523178
1683307296,REY19003,-34.412248,-58.530225
1683307305,REY20927,-34.392454,-58.523165
1683307311,REY20927,-34.392481,-58.523159
1683307314,REY19003,-34.412195,-58.530182
1683307317,REY20927,-34.392509,-58.523154
1683307323,REY20927,-34.392537,-58.523148
1683307326,REY19003,-34.412162,-58.530152
1683307332,REY19003,-34.412143,-58.530141
1683307335,REY20927,-34.392592,-58.523137
1683307341,REY20927,-34.39262,-58.523132
1683307344,REY19003,-34.412107,-58.530118
1683307347,REY20927,-34.392648,-58.523128
1683307353,REY20927,-34.392675,-58.523122
1683307356,REY19003,-34.412069,-58.530099
1683307359,REY20927,-34.392703,-58.523117
1683307368,REY19003,-34.412032,-58.530077
1683307374,REY19003,-34.412015,-58.530065
1683307377,REY20927,-34.392786,-58.523104
1683307380,REY19003,-34.411979,-58.530039
1683307383,REY20927,-34.392843,-58.523095
1683307389,REY20927,-34.39287,-58.523086
1683307401,REY20927,-34.392924,-58.523065
1683307407,REY20927,-34.392951,-58.523055
1683307410,REY19003,-34.411892,-58.529971
1683307413,REY20927,-34.392977,-58.523044
1683307416,REY19003,-34.411875,-58.529957
1683307422,REY19003,-34.411858,-58.529943
1683307425,REY20927,-34.39303,-58.523021
1683307431,REY20927,-34.393056,-58.52301
1683307434,REY19003,-34.411823,-58.529914
1683307440,REY19003,-34.411806,-58.529901
1683307443,REY20927,-34.393109,-58.522986
1683307446,REY19003,-34.411789,-58.529886
1683307449,REY20927,-34.393135,-58.522975
1683307455,REY20927,-34.393162,-58.522964
1683307464,REY19003,-34.411738,-58.529845
1683307470,REY19003,-34.411721,-58.52983
1683307473,REY20927,-34.393242,-58.522931
1683307476,REY19003,-34.411704,-58.529816
1683307479,REY20927,-34.393295,-58.522911
1683307485,REY20927,-34.393321,-58.522901
1683307488,REY19003,-34.411654,-58.529773
1683307494,REY19003,-34.411637,-58.529758
1683307500,REY19003,-34.41162,-58.529744
1683307503,REY20927,-34.393403,-58.522873
1683307506,REY19003,-34.411604,-58.52973
1683307512,REY19003,-34.411587,-58.529715
1683307518,REY19003,-34.41157,-58.529701
1683307521,REY20927,-34.393485,-58.522844
1683307524,REY19003,-34.411553,-58.529687
1683307533,REY20927,-34.39354,-58.522825
1683307536,REY19003,-34.41152,-58.529657
1683307542,REY19003,-34.411504,-58.529641
1683307548,REY19003,-34.411487,-58.529626
1683307557,REY20927,-34.393646,-58.522781
1683307569,REY20927,-34.3937,-58.522759
1683307575,REY20927,-34.393753,-58.522736
1683307578,REY19003,-34.41141,-58.529544
1683307581,REY20927,-34.39378,-58.522725
1683307584,REY19003,-34.411395,-58.529527
1683307587,REY20927,-34.393806,-58.522714
1683307590,REY19003,-34.41138,-58.529509
1683307593,REY20927,-34.393832,-58.522702
1683307599,REY20927,-34.393859,-58.522692
1683307602,REY19003,-34.411335,-58.529455
1683307608,REY19003,-34.41132,-58.529436
1683307614,REY19003,-34.411305,-58.52942
1683307617,REY20927,-34.39394,-58.52266
1683307626,REY19003,-34.411272,-58.529389
1683307632,REY19003,-34.411256,-58.529375
1683307635,REY20927,-34.394021,-58.522629
1683307638,REY19003,-34.411239,-58.52936
1683307641,REY20927,-34.394047,-58.522617
1683307647,REY20927,-34.394075,-58.522606
1683307650,REY19003,-34.411207,-58.52933
1683307656,REY19003,-34.41119,-58.529315
1683307668,REY19003,-34.411158,-58.529284
1683307671,REY20927,-34.394211,-58.522557
1683307674,REY19003,-34.411141,-58.529269
1683307677,REY20927,-34.394239,-58.522548
1683307680,REY19003,-34.411125,-58.529253
1683307683,REY20927,-34.394267,-58.52254
1683307686,REY19003,-34.411109,-58.529238
1683307689,REY20927,-34.394295,-58.522532
1683307692,REY19003,-34.411093,-58.529221
1683307695,REY20927,-34.394323,-58.522525
1683307698,REY19003,-34.411077,-58.529206
1683307701,REY20927,-34.39435,-58.522517
1683307707,REY20927,-34.394377,-58.522509
1683307713,REY20927,-34.394405,-58.5225
1683307719,REY20927,-34.394432,-58.522492
1683307725,REY20927,-34.394459,-58.522483
1683307728,REY19003,-34.410986,-58.529109
1683307746,REY19003,-34.410939,-58.52906
1683307749,REY20927,-34.394566,-58.522446
1683307752,REY19003,-34.410924,-58.529044
1683307764,REY19003,-34.410893,-58.52901
1683307773,REY20927,-34.394672,-58.522409
1683307776,REY19003,-34.410862,-58.528979
1683307779,REY20927,-34.394725,-58.52239
1683307785,REY20927,-34.394751,-58.52238
1683307788,REY19003,-34.410831,-58.528947
1683307797,REY20927,-34.394805,-58.522361
1683307803,REY20927,-34.394831,-58.522351
1683307806,REY19003,-34.410787,-58.528895
1683307815,REY20927,-34.394885,-58.522332
1683307818,REY19003,-34.41074,-58.528847
1683307824,REY19003,-34.410724,-58.528831
1683307827,REY20927,-34.394938,-58.522313
1683307830,REY19003,-34.410709,-58.528814
1683307833,REY20927,-34.394964,-58.522303
1683307839,REY20927,-34.39499,-58.522295
1683307851,REY20927,-34.395043,-58.522276
1683307854,REY19003,-34.410648,-58.528748
1683307857,REY20927,-34.39507,-58.522267
1683307863,REY20927,-34.395096,-58.522258
1683307884,REY19003,-34.410568,-58.528666
1683307887,REY20927,-34.395227,-58.522211
1683307893,REY20927,-34.395254,-58.522202
1683307896,REY19003,-34.410537,-58.528633
1683307899,REY20927,-34.39528,-58.522192
1683307911,REY20927,-34.395332,-58.522172
1683307920,REY19003,-34.410476,-58.528564
1683307929,REY20927,-34.395412,-58.522143
1683307932,REY19003,-34.410432,-58.528511
1683307944,REY19003,-34.410401,-58.528476
1683307947,REY20927,-34.395489,-58.522109
1683307950,REY19003,-34.410386,-58.528459
1683307953,REY20927,-34.395514,-58.522096
1683307959,REY20927,-34.395539,-58.522082
1683307977,REY20927,-34.395613,-58.522038
1683307980,REY19003,-34.410308,-58.528377
1683307986,REY19003,-34.410293,-58.52836
1683308001,REY20927,-34.39574,-58.521982
1683308004,REY19003,-34.410246,-58.52831
1683308007,REY20927,-34.395766,-58.521973
1683308016,REY19003,-34.410216,-58.528275
1683308019,REY20927,-34.395819,-58.521957
1683308028,REY19003,-34.410186,-58.52824
1683308034,REY19003,-34.410171,-58.528223
1683308037,REY20927,-34.395899,-58.521937
1683308040,REY19003,-34.410155,-58.528205
1683308055,REY20927,-34.39598,-58.52192
1683308058,REY19003,-34.410094,-58.528135
1683308061,REY20927,-34.396007,-58.521917
1683308064,REY19003,-34.410078,-58.528118
1683308070,REY19003,-34.410063,-58.5281
1683308076,REY19003,-34.410048,-58.528082
1683308082,REY19003,-34.410033,-58.528064
1683308088,REY19003,-34.410018,-58.528047
1683308091,REY20927,-34.396145,-58.521907
1683308097,REY20927,-34.396172,-58.521905
1683308100,REY19003,-34.409987,-58.528011
1683308103,REY20927,-34.396227,-58.521899
1683308106,REY19003,-34.409973,-58.527994
1683308112,REY19003,-34.409958,-58.527976
1683308124,REY19003,-34.409928,-58.527942
1683308130,REY19003,-34.409914,-58.527924
1683308133,REY20927,-34.396364,-58.521875
1683308142,REY19003,-34.409886,-58.527888
1683308145,REY20927,-34.396419,-58.521865
1683308151,REY20927,-34.396447,-58.52186
1683308154,REY19003,-34.409858,-58.527852
1683308160,REY19003,-34.409843,-58.527835
1683308166,REY19003,-34.409812,-58.527802
1683308172,REY19003,-34.409797,-58.527786
1683308184,REY19003,-34.409766,-58.527754
1683308190,REY19003,-34.409751,-58.527738
1683308193,REY20927,-34.396637,-58.521823
1683308208,REY19003,-34.409706,-58.527686
1683308217,REY20927,-34.396773,-58.521791
1683308220,REY19003,-34.409676,-58.52765
1683308223,REY20927,-34.3968,-58.521784
1683308226,REY19003,-34.40966,-58.527633
1683308229,REY20927,-34.396828,-58.521777
1683308232,REY19003,-34.409644,-58.527618
1683308235,REY20927,-34.396855,-58.521769
1683308238,REY19003,-34.409628,-58.527602
1683308241,REY20927,-34.396882,-58.521761
1683308244,REY19003,-34.409611,-58.527586
1683308247,REY20927,-34.396909,-58.521754
1683308256,REY19003,-34.409579,-58.527556
1683308265,REY20927,-34.396991,-58.52173
1683308268,REY19003,-34.409546,-58.527525
1683308271,REY20927,-34.397017,-58.521722
1683308277,REY20927,-34.397044,-58.521713
1683308280,REY19003,-34.409497,-58.527479
1683308283,REY20927,-34.397071,-58.521703
1683308286,REY19003,-34.409481,-58.527463
1683308292,REY19003,-34.409466,-58.527447
1683308304,REY19003,-34.409435,-58.527415
1683308307,REY20927,-34.397205,-58.521659
1683308310,REY19003,-34.409419,-58.527401
1683308313,REY20927,-34.397232,-58.52165
1683308316,REY19003,-34.409403,-58.527386
1683308319,REY20927,-34.397259,-58.521642
1683308322,REY19003,-34.409388,-58.527369
1683308325,REY20927,-34.397286,-58.521634
1683308331,REY20927,-34.397314,-58.521626
1683308334,REY19003,-34.409357,-58.527336
1683308337,REY20927,-34.397341,-58.521618
1683308346,REY19003,-34.409328,-58.527302
1683308349,REY20927,-34.397395,-58.521602
1683308352,REY19003,-34.409314,-58.527284
1683308355,REY20927,-34.397422,-58.521593
1683308370,REY19003,-34.409273,-58.52723
1683308373,REY20927,-34.397503,-58.521569
1683308376,REY19003,-34.409259,-58.527212
1683308385,REY20927,-34.397557,-58.521549
1683308391,REY20927,-34.397583,-58.521538
1683308394,REY19003,-34.409203,-58.527142
1683308400,REY19003,-34.409188,-58.527125
1683308406,REY19003,-34.409173,-58.527108
1683308430,REY19003,-34.40911,-58.527042
1683308445,REY20927,-34.397845,-58.521421
1683308448,REY19003,-34.409063,-58.526995
1683308457,REY20927,-34.397899,-58.5214
1683308460,REY19003,-34.409034,-58.526961
1683308463,REY20927,-34.397925,-58.52139
1683308466,REY19003,-34.409019,-58.526943
1683308475,REY20927,-34.397978,-58.521371
1683308484,REY19003,-34.408977,-58.526891
1683308487,REY20927,-34.398032,-58.521353
1683308490,REY19003,-34.408964,-58.526871
1683308496,REY19003,-34.408934,-58.526837
1683308502,REY19003,-34.408919,-58.52682
1683308508,REY19003,-34.408906,-58.526802
1683308511,REY20927,-34.398141,-58.521323
1683308526,REY19003,-34.408864,-58.526746
1683308529,REY20927,-34.39825,-58.521298
1683308535,REY20927,-34.398277,-58.521292
1683308538,REY19003,-34.408837,-58.526708
1683308541,REY20927,-34.398305,-58.521285
1683308547,REY20927,-34.398333,-58.52128
1683308553,REY20927,-34.398361,-58.521274
1683308559,REY20927,-34.398388,-58.521268
1683308565,REY20927,-34.398416,-58.521262
1683308568,REY19003,-34.408766,-58.526614
1683308580,REY19003,-34.408735,-58.526578
1683308583,REY20927,-34.398498,-58.521241
1683308598,REY19003,-34.408688,-58.526527
1683308601,REY20927,-34.398579,-58.521218
1683308604,REY19003,-34.408673,-58.526509
1683308607,REY20927,-34.398606,-58.52121
1683308616,REY19003,-34.408643,-58.526473
1683308631,REY20927,-34.398741,-58.52117
1683308634,REY19003,-34.408584,-58.526399
1683308637,REY20927,-34.398769,-58.521162
1683308640,REY19003,-34.408571,-58.52638
1683308646,REY19003,-34.408556,-58.526361
1683308652,REY19003,-34.408542,-58.526342
1683308661,REY20927,-34.398877,-58.521134
1683308667,REY20927,-34.398904,-58.521127
1683308670,REY19003,-34.408501,-58.526286
1683308682,REY19003,-34.408472,-58.52625
1683308688,REY19003,-34.408457,-58.526232
1683308694,REY19003,-34.408442,-58.526213
1683308700,REY19003,-34.408427,-58.526195
1683308703,REY20927,-34.399067,-58.521091
1683308706,REY19003,-34.408412,-58.526177
1683308709,REY20927,-34.399095,-58.521085
1683308712,REY19003,-34.408397,-58.526159
1683308724,REY19003,-34.408368,-58.526122
1683308730,REY19003,-34.408337,-58.526086
1683308733,REY20927,-34.399231,-58.521046
1683308736,REY19003,-34.408322,-58.526067
1683308739,REY20927,-34.399257,-58.521038
1683308742,REY19003,-34.408307,-58.526048
1683308748,REY19003,-34.408293,-58.52603
1683308757,REY20927,-34.399338,-58.521011
1683308766,REY19003,-34.408248,-58.525974
1683308769,REY20927,-34.39939,-58.520993
1683308772,REY19003,-34.408234,-58.525956
1683308775,REY20927,-34.399417,-58.520984
1683308778,REY19003,-34.408219,-58.525937
1683308781,REY20927,-34.399443,-58.520974
1683308784,REY19003,-34.408205,-58.525919
1683308790,REY19003,-34.40819,-58.5259
1683308793,REY20927,-34.399496,-58.520955
1683308805,REY20927,-34.399549,-58.520936
1683308817,REY20927,-34.399602,-58.520918
1683308826,REY19003,-34.408108,-58.525788
1683308829,REY20927,-34.399654,-58.520899
1683308838,REY19003,-34.40808,-58.525749
1683308841,REY20927,-34.399734,-58.520871
1683308844,REY19003,-34.408052,-58.525712
1683308862,REY19003,-34.408011,-58.525659
1683308865,REY20927,-34.399836,-58.520829
1683308868,REY19003,-34.407998,-58.52564
1683308871,REY20927,-34.399862,-58.52082
1683308874,REY19003,-34.407985,-58.525622
1683308877,REY20927,-34.399889,-58.52081
1683308883,REY20927,-34.399915,-58.520802
1683308907,REY20927,-34.400019,-58.520768
1683308910,REY19003,-34.407899,-58.525518
1683308919,REY20927,-34.400071,-58.520751
1683308928,REY19003,-34.407857,-58.525466
1683308943,REY20927,-34.400202,-58.520714
1683308946,REY19003,-34.40782,-58.525409
1683308955,REY20927,-34.400255,-58.520699
1683308958,REY19003,-34.407783,-58.525351
1683308961,REY20927,-34.400282,-58.520691
1683308967,REY20927,-34.400308,-58.520682
1683308970,REY19003,-34.407759,-58.525313
1683308976,REY19003,-34.407747,-58.525293
1683308982,REY19003,-34.407735,-58.525274
1683308991,REY20927,-34.400415,-58.520657
1683308994,REY19003,-34.40771,-58.525235
1683309012,REY19003,-34.407673,-58.525177
1683309015,REY20927,-34.400521,-58.520631
1683309018,REY19003,-34.40766,-58.525157
1683309021,REY20927,-34.400547,-58.520624
1683309039,REY20927,-34.400627,-58.520604
1683309042,REY19003,-34.407611,-58.525077
1683309045,REY20927,-34.400653,-58.520598
1683309048,REY19003,-34.407599,-58.525057
1683309051,REY20927,-34.400707,-58.520586
1683309054,REY19003,-34.407588,-58.525038
1683309057,REY20927,-34.400734,-58.52058
1683309060,REY19003,-34.407576,-58.525017
1683309063,REY20927,-34.400761,-58.520575
1683309075,REY20927,-34.400816,-58.520569
1683309081,REY20927,-34.400842,-58.520566
1683309087,REY20927,-34.400869,-58.520562
1683309090,REY19003,-34.407506,-58.524895
1683309093,REY20927,-34.400896,-58.520559
1683309105,REY20927,-34.40095,-58.520549
1683309108,REY19003,-34.407474,-58.524834
1683309114,REY19003,-34.407463,-58.524814
1683309120,REY19003,-34.407452,-58.524793
1683309129,REY20927,-34.401055,-58.520509
1683309132,REY19003,-34.407432,-58.524751
1683309135,REY20927,-34.401081,-58.5205
1683309138,REY19003,-34.407421,-58.524729
1683309141,REY20927,-34.401107,-58.520492
1683309144,REY19003,-34.40741,-58.524708
1683309153,REY20927,-34.401159,-58.520477
1683309156,REY19003,-34.407389,-58.524665
1683309165,REY20927,-34.401239,-58.520459
1683309171,REY20927,-34.401266,-58.520454
1683309174,REY19003,-34.407356,-58.524603
1683309177,REY20927,-34.401294,-58.520449
1683309183,REY20927,-34.401322,-58.520443
1683309192,REY19003,-34.407324,-58.52454
1683309195,REY20927,-34.401376,-58.520433
1683309201,REY20927,-34.401402,-58.520427
1683309204,REY19003,-34.407293,-58.524478
1683309216,REY19003,-34.407272,-58.524437
1683309219,REY20927,-34.401478,-58.52041
1683309222,REY19003,-34.407262,-58.524417
1683309225,REY20927,-34.401504,-58.520407
1683309228,REY19003,-34.407252,-58.524396
1683309234,REY19003,-34.407242,-58.524375
1683309252,REY19003,-34.407218,-58.52431
1683309255,REY20927,-34.401634,-58.520382
1683309264,REY19003,-34.407206,-58.524264
1683309267,REY20927,-34.401711,-58.520361
1683309273,REY20927,-34.401738,-58.520354
1683309279,REY20927,-34.401764,-58.520348
1683309294,REY19003,-34.407163,-58.524157
1683309306,REY19003,-34.407145,-58.524114
1683309312,REY19003,-34.407136,-58.524093
1683309315,REY20927,-34.401922,-58.520305
1683309318,REY19003,-34.407117,-58.52405
1683309330,REY19003,-34.4071,-58.524006
1683309351,REY20927,-34.402087,-58.52027
1683309354,REY19003,-34.407063,-58.52392
1683309357,REY20927,-34.402114,-58.520265
1683309369,REY20927,-34.402171,-58.520255
1683309381,REY20927,-34.402255,-58.520244
1683309384,REY19003,-34.407019,-58.523809
1683309387,REY20927,-34.402282,-58.52024
1683309390,REY19003,-34.407009,-58.523787
1683309396,REY19003,-34.406999,-58.523766
1683309423,REY20927,-34.402448,-58.520229
1683309426,REY19003,-34.406942,-58.523635
1683309429,REY20927,-34.402474,-58.520229
1683309435,REY20927,-34.4025,-58.520231
1683309438,REY19003,-34.406922,-58.523591
1683309447,REY20927,-34.402555,-58.520232
1683309450,REY19003,-34.406903,-58.523547
1683309459,REY20927,-34.402612,-58.520235
1683309462,REY19003,-34.406883,-58.523502
1683309468,REY19003,-34.406873,-58.52348
1683309471,REY20927,-34.402663,-58.520231
1683309480,REY19003,-34.40685,-58.523437
1683309483,REY20927,-34.402747,-58.52022
1683309486,REY19003,-34.40684,-58.523415
1683309489,REY20927,-34.402775,-58.520218
1683309492,REY19003,-34.40683,-58.523393
1683309498,REY19003,-34.406821,-58.52337
1683309501,REY20927,-34.402825,-58.520206
1683309507,REY20927,-34.402853,-58.5202
1683309513,REY20927,-34.402881,-58.520197
1683309516,REY19003,-34.406793,-58.523302
1683309522,REY19003,-34.406785,-58.523279
1683309543,REY20927,-34.403015,-58.520185
1683309546,REY19003,-34.406742,-58.523164
1683309549,REY20927,-34.403041,-58.520187
1683309555,REY20927,-34.403069,-58.520184
1683309561,REY20927,-34.403098,-58.520184
1683309564,REY19003,-34.406718,-58.523095
1683309567,REY20927,-34.403124,-58.520185
1683309570,REY19003,-34.406709,-58.523073
1683309579,REY20927,-34.403205,-58.520168
1683309585,REY20927,-34.403231,-58.520164
1683309597,REY20927,-34.403286,-58.520155
1683309600,REY19003,-34.406665,-58.522959
1683309609,REY20927,-34.403339,-58.520162
1683309615,REY20927,-34.403365,-58.520161
1683309621,REY20927,-34.403391,-58.520161
1683309624,REY19003,-34.406626,-58.522868
1683309627,REY20927,-34.403418,-58.520162
1683309630,REY19003,-34.406617,-58.522845
1683309636,REY19003,-34.406608,-58.522822
1683309642,REY19003,-34.4066,-58.522799
1683309645,REY20927,-34.4035,-58.52016
1683309648,REY19003,-34.406591,-58.522776
1683309654,REY19003,-34.406581,-58.522753
1683309669,REY20927,-34.403608,-58.520161
1683309681,REY20927,-34.403691,-58.520166
1683309687,REY20927,-34.403718,-58.520168
1683309702,REY19003,-34.406508,-58.52254
1683309708,REY19003,-34.4065,-58.522516
1683309714,REY19003,-34.406491,-58.522493
1683309720,REY19003,-34.406483,-58.52247
1683309723,REY20927,-34.403882,-58.520167
1683309726,REY19003,-34.406475,-58.522446
1683309729,REY20927,-34.403909,-58.520167
1683309735,REY20927,-34.403936,-58.520166
1683309738,REY19003,-34.406458,-58.522398
1683309741,REY20927,-34.403963,-58.520162
1683309744,REY19003,-34.406449,-58.522375
1683309750,REY19003,-34.406441,-58.52235
1683309756,REY19003,-34.406435,-58.522325
1683309759,REY20927,-34.404044,-58.520154
1683309774,REY19003,-34.406415,-58.522251
1683309789,REY20927,-34.404205,-58.52015
1683309798,REY19003,-34.406386,-58.522125
1683309804,REY19003,-34.40638,-58.5221
1683309807,REY20927,-34.404286,-58.520164
1683309810,REY19003,-34.406374,-58.522075
1683309816,REY19003,-34.406369,-58.522049
1683309825,REY20927,-34.404365,-58.520186
1683309828,REY19003,-34.406358,-58.521998
1683309831,REY20927,-34.404391,-58.520194
1683309837,REY20927,-34.404418,-58.520204
1683309840,REY19003,-34.406348,-58.521945
1683309843,REY20927,-34.404443,-58.520215
1683309849,REY20927,-34.404468,-58.520227
1683309855,REY20927,-34.404493,-58.520238
1683309864,REY19003,-34.406324,-58.521842
1683309873,REY20927,-34.40457,-58.520274
1683309879,REY20927,-34.404619,-58.520298
1683309885,REY20927,-34.404644,-58.520311
1683309888,REY19003,-34.4063,-58.521738
1683309891,REY20927,-34.404668,-58.520325
1683309897,REY20927,-34.404691,-58.520341
1683309900,REY19003,-34.406289,-58.521686
1683309912,REY19003,-34.406273,-58.521607
1683309915,REY20927,-34.404763,-58.520387
1683309927,REY20927,-34.40481,-58.520418
1683309930,REY19003,-34.406259,-58.521527
1683309933,REY20927,-34.404834,-58.520434
1683309936,REY19003,-34.406254,-58.521501
1683309945,REY20927,-34.404879,-58.520468
1683309963,REY20927,-34.404947,-58.520518
1683309969,REY20927,-34.40497,-58.520536
1683309972,REY19003,-34.406228,-58.521338
1683309975,REY20927,-34.404993,-58.520554
1683309978,REY19003,-34.406224,-58.521311
1683309987,REY20927,-34.40506,-58.520606
1683309993,REY20927,-34.405082,-58.520623
1683310002,REY19003,-34.40621,-58.521202
1683310008,REY19003,-34.406207,-58.521174
1683310020,REY19003,-34.406202,-58.521118
1683310029,REY20927,-34.405215,-58.520736
1683310032,REY19003,-34.406192,-58.521035
1683310035,REY20927,-34.405236,-58.520756
1683310038,REY19003,-34.406191,-58.521007
1683310044,REY19003,-34.406191,-58.520979
1683310059,REY20927,-34.405318,-58.52084
1683310062,REY19003,-34.406191,-58.520894
1683310068,REY19003,-34.406191,-58.520865
1683310074,REY19003,-34.406193,-58.520837
1683310077,REY20927,-34.405398,-58.520925
1683310080,REY19003,-34.406194,-58.520809
1683310089,REY20927,-34.405437,-58.520971
1683310092,REY19003,-34.406196,-58.520751
1683310098,REY19003,-34.406197,-58.520723
1683310104,REY19003,-34.406197,-58.520694
1683310116,REY19003,-34.406201,-58.520636
1683310119,REY20927,-34.40553,-58.52109
1683310131,REY20927,-34.405563,-58.521139
1683310140,REY19003,-34.406213,-58.520519
1683310146,REY19003,-34.406217,-58.520489
1683310158,REY19003,-34.406239,-58.520403
1683310164,REY19003,-34.406247,-58.520374
1683310170,REY19003,-34.406256,-58.520345
1683310173,REY20927,-34.405672,-58.521324
1683310179,REY20927,-34.405685,-58.521352
1683310194,REY19003,-34.406298,-58.520232
1683310209,REY20927,-34.40575,-58.521526
1683310212,REY19003,-34.406336,-58.520146
1683310215,REY20927,-34.405766,-58.521552
1683310227,REY20927,-34.4058,-58.521604
1683310230,REY19003,-34.406374,-58.520063
1683310236,REY19003,-34.40639,-58.520036
1683310239,REY20927,-34.405832,-58.521658
1683310242,REY19003,-34.406407,-58.520009
1683310254,REY19003,-34.406439,-58.519955
1683310260,REY19003,-34.406455,-58.519927
1683310263,REY20927,-34.40589,-58.521764
1683310266,REY19003,-34.406469,-58.5199
1683310269,REY20927,-34.405905,-58.521791
1683310278,REY19003,-34.406518,-58.519818
1683310281,REY20927,-34.405935,-58.521845
1683310290,REY19003,-34.406551,-58.519763
1683310311,REY20927,-34.406023,-58.522011
1683310314,REY19003,-34.406617,-58.519655
1683310320,REY19003,-34.406633,-58.519628
1683310326,REY19003,-34.406647,-58.519601
1683310329,REY20927,-34.406061,-58.522096
1683310341,REY20927,-34.406086,-58.522156
1683310344,REY19003,-34.406693,-58.519519
1683310350,REY19003,-34.406708,-58.519491
1683310362,REY19003,-34.406736,-58.519435
1683310365,REY20927,-34.406136,-58.522271
1683310368,REY19003,-34.406752,-58.519408
1683310371,REY20927,-34.406148,-58.5223
1683310377,REY20927,-34.406159,-58.522329
1683310386,REY19003,-34.406815,-58.519296
1683310395,REY20927,-34.406197,-58.522416
1683310398,REY19003,-34.406843,-58.519239
1683310407,REY20927,-34.406238,-58.522505
1683310410,REY19003,-34.406869,-58.519181
1683310413,REY20927,-34.406253,-58.522533
1683310416,REY19003,-34.406882,-58.519151
1683310425,REY20927,-34.406281,-58.522589
1683310428,REY19003,-34.406909,-58.519094
1683310434,REY19003,-34.406923,-58.519065
1683310443,REY20927,-34.406323,-58.522675
1683310452,REY19003,-34.406967,-58.518979
1683310455,REY20927,-34.406349,-58.522732
1683310461,REY20927,-34.406363,-58.522761
1683310464,REY19003,-34.406997,-58.518922
1683310470,REY19003,-34.407012,-58.518894
1683310473,REY20927,-34.406391,-58.522818
1683310479,REY20927,-34.406405,-58.522847
1683310485,REY20927,-34.406419,-58.522875
1683310494,REY19003,-34.407072,-58.51878
1683310509,REY20927,-34.40648,-58.523019
1683310518,REY19003,-34.407147,-58.518634
1683310524,REY19003,-34.407161,-58.518605
1683310530,REY19003,-34.407176,-58.518576
1683310542,REY19003,-34.407205,-58.518521
1683310545,REY20927,-34.406554,-58.523193
1683310551,REY20927,-34.406566,-58.523221
1683310554,REY19003,-34.407236,-58.518469
1683310557,REY20927,-34.406579,-58.52325
1683310560,REY19003,-34.407253,-58.518445
1683310563,REY20927,-34.406593,-58.523279
1683310566,REY19003,-34.407269,-58.51842
1683310578,REY19003,-34.407295,-58.518369
1683310581,REY20927,-34.406637,-58.52336
1683310587,REY20927,-34.406651,-58.523387
1683310590,REY19003,-34.407325,-58.518322
1683310596,REY19003,-34.407339,-58.518298
1683310602,REY19003,-34.407353,-58.518275
1683310605,REY20927,-34.406694,-58.523471
1683310608,REY19003,-34.407367,-58.518253
1683310629,REY20927,-34.406759,-58.523611
1683310632,REY19003,-34.407451,-58.518153
1683310638,REY19003,-34.407466,-58.518133
1683310644,REY19003,-34.407482,-58.518112
1683310662,REY19003,-34.40751,-58.518042
1683310671,REY20927,-34.406849,-58.52381
1683310674,REY19003,-34.407506,-58.517997
1683310677,REY20927,-34.406862,-58.523839
1683310683,REY20927,-34.406874,-58.523868
1683310686,REY19003,-34.407489,-58.517964
1683310692,REY19003,-34.407477,-58.517952
1683310698,REY19003,-34.407464,-58.517945
1683310707,REY20927,-34.406923,-58.523985
1683310716,REY19003,-34.407423,-58.517938
1683310722,REY19003,-34.407409,-58.517937
1683310728,REY19003,-34.407394,-58.517938
1683310731,REY20927,-34.406987,-58.524132
1683310740,REY19003,-34.407367,-58.517946
1683310743,REY20927,-34.40701,-58.524189
1683310749,REY20927,-34.407024,-58.524218
1683310755,REY20927,-34.407038,-58.524248
1683310764,REY19003,-34.407297,-58.517969
1683310773,REY20927,-34.407078,-58.524338
1683310779,REY20927,-34.40709,-58.524367
1683310782,REY19003,-34.407258,-58.517992
1683310785,REY20927,-34.407101,-58.524397
1683310788,REY19003,-34.407244,-58.518001
1683310791,REY20927,-34.407114,-58.524426
1683310794,REY19003,-34.40723,-58.518009
1683310800,REY19003,-34.407214,-58.518016
1683310806,REY19003,-34.407198,-58.518023
1683310818,REY19003,-34.407164,-58.518041
1683310833,REY20927,-34.407233,-58.524654
1683310836,REY19003,-34.407112,-58.51807
1683310839,REY20927,-34.407247,-58.524682
1683310842,REY19003,-34.407094,-58.518079
1683310848,REY19003,-34.407077,-58.51809
1683310851,REY20927,-34.407279,-58.524739
1683310857,REY20927,-34.407295,-58.524768
1683310863,REY20927,-34.407311,-58.524797
1683310866,REY19003,-34.407007,-58.518134
1683310869,REY20927,-34.407327,-58.524827
1683310872,REY19003,-34.406989,-58.518144
1683310875,REY20927,-34.407342,-58.524857
1683310878,REY19003,-34.406971,-58.518155
1683310881,REY20927,-34.407359,-58.524885
1683310884,REY19003,-34.406952,-58.518166
1683310887,REY20927,-34.407375,-58.524914
1683310890,REY19003,-34.406933,-58.518177
1683310896,REY19003,-34.406914,-58.518187
1683310899,REY20927,-34.407405,-58.524971
1683310902,REY19003,-34.406895,-58.518198
1683310908,REY19003,-34.406876,-58.518209
1683310911,REY20927,-34.407438,-58.525027
1683310920,REY19003,-34.40684,-58.518233
1683310923,REY20927,-34.407471,-58.525083
1683310929,REY20927,-34.407488,-58.525111
1683310941,REY20927,-34.407534,-58.525196
1683310944,REY19003,-34.406767,-58.518274
1683310950,REY19003,-34.406751,-58.518289
1683310953,REY20927,-34.407571,-58.525246
1683310974,REY19003,-34.40671,-58.518406
1683310980,REY19003,-34.406711,-58.518434
1683310983,REY20927,-34.407654,-58.525376
1683310989,REY20927,-34.407671,-58.525402
1683310992,REY19003,-34.406722,-58.518488
1683310995,REY20927,-34.407687,-58.52543
1683311001,REY20927,-34.407703,-58.525457
1683311019,REY20927,-34.407756,-58.525536
1683311034,REY19003,-34.406865,-58.518614
1683311043,REY20927,-34.407844,-58.52566
1683311046,REY19003,-34.406919,-58.518626
1683311049,REY20927,-34.407863,-58.525686
1683311058,REY19003,-34.406974,-58.518636
1683311088,REY19003,-34.40711,-58.518644
1683311091,REY20927,-34.40799,-58.525869
1683311094,REY19003,-34.407162,-58.518653
1683311100,REY19003,-34.407186,-58.51866
1683311109,REY20927,-34.408044,-58.525941
1683311112,REY19003,-34.407233,-58.518682
1683311121,REY20927,-34.408081,-58.525991
1683311130,REY19003,-34.407293,-58.518732
1683311133,REY20927,-34.408136,-58.526073
1683311139,REY20927,-34.408155,-58.526099
1683311145,REY20927,-34.408174,-58.526123
1683311148,REY19003,-34.407334,-58.518793
1683311151,REY20927,-34.408193,-58.526147
1683311157,REY20927,-34.408212,-58.52617
1683311160,REY19003,-34.407345,-58.518835
1683311175,REY20927,-34.408269,-58.526237
1683311178,REY19003,-34.407344,-58.5189
1683311187,REY20927,-34.40831,-58.526284
1683311193,REY20927,-34.40833,-58.526308
1683311196,REY19003,-34.407331,-58.518963
1683311205,REY20927,-34.40837,-58.526358
1683311211,REY20927,-34.408389,-58.526382
1683311217,REY20927,-34.408408,-58.526406
1683311223,REY20927,-34.408445,-58.526454
1683311226,REY19003,-34.407258,-58.519006
1683311232,REY19003,-34.407242,-58.519003
1683311235,REY20927,-34.408482,-58.526503
1683311241,REY20927,-34.408503,-58.526527
1683311244,REY19003,-34.407209,-58.518995
1683311247,REY20927,-34.408523,-58.526552
1683311253,REY20927,-34.408543,-58.526577
1683311262,REY19003,-34.407158,-58.518989
1683311268,REY19003,-34.40714,-58.518987
1683311271,REY20927,-34.4086,-58.52665
1683311274,REY19003,-34.407122,-58.518984
1683311283,REY20927,-34.408637,-58.526697
1683311289,REY20927,-34.408656,-58.52672
1683311295,REY20927,-34.408675,-58.526745
1683311298,REY19003,-34.407049,-58.518977
1683311319,REY20927,-34.40875,-58.526844
1683311328,REY19003,-34.406959,-58.518982
1683311337,REY20927,-34.408822,-58.526945
1683311340,REY19003,-34.406904,-58.518986
1683311349,REY20927,-34.408858,-58.526993
1683311352,REY19003,-34.406868,-58.518989
1683311367,REY20927,-34.408915,-58.527065
1683311370,REY19003,-34.406813,-58.518997
1683311373,REY20927,-34.408935,-58.527089
1683311376,REY19003,-34.406794,-58.518999
1683311382,REY19003,-34.406775,-58.519002
